-- Auto-generated by scripts/import-curated.ts. Do not edit by hand.
-- Generated: 2026-05-03T14:44:58.204Z
-- Source: Curated by Claude (Jan 2026 cutoff). Replaceable by GeoNames cities500.txt when available; same primary keys (real GeoNames IDs) so INSERT OR REPLACE updates cleanly. Rare ID/population/coordinate inaccuracies expected.

PRAGMA defer_foreign_keys = TRUE;

-- Reset tables that this seed fully owns -----------------------------
DELETE FROM city_translations;
DELETE FROM cities;

-- Countries -----------------------------------------------------------
INSERT OR REPLACE INTO countries (code, name_en, continent) VALUES ('AE', 'United Arab Emirates', 'Asia');
INSERT OR REPLACE INTO countries (code, name_en, continent) VALUES ('AF', 'Afghanistan', 'Asia');
INSERT OR REPLACE INTO countries (code, name_en, continent) VALUES ('AL', 'Albania', 'Europe');
INSERT OR REPLACE INTO countries (code, name_en, continent) VALUES ('AM', 'Armenia', 'Asia');
INSERT OR REPLACE INTO countries (code, name_en, continent) VALUES ('AO', 'Angola', 'Africa');
INSERT OR REPLACE INTO countries (code, name_en, continent) VALUES ('AR', 'Argentina', 'South America');
INSERT OR REPLACE INTO countries (code, name_en, continent) VALUES ('AT', 'Austria', 'Europe');
INSERT OR REPLACE INTO countries (code, name_en, continent) VALUES ('AU', 'Australia', 'Oceania');
INSERT OR REPLACE INTO countries (code, name_en, continent) VALUES ('AZ', 'Azerbaijan', 'Asia');
INSERT OR REPLACE INTO countries (code, name_en, continent) VALUES ('BA', 'Bosnia and Herzegovina', 'Europe');
INSERT OR REPLACE INTO countries (code, name_en, continent) VALUES ('BD', 'Bangladesh', 'Asia');
INSERT OR REPLACE INTO countries (code, name_en, continent) VALUES ('BE', 'Belgium', 'Europe');
INSERT OR REPLACE INTO countries (code, name_en, continent) VALUES ('BG', 'Bulgaria', 'Europe');
INSERT OR REPLACE INTO countries (code, name_en, continent) VALUES ('BH', 'Bahrain', 'Asia');
INSERT OR REPLACE INTO countries (code, name_en, continent) VALUES ('BO', 'Bolivia', 'South America');
INSERT OR REPLACE INTO countries (code, name_en, continent) VALUES ('BR', 'Brazil', 'South America');
INSERT OR REPLACE INTO countries (code, name_en, continent) VALUES ('BY', 'Belarus', 'Europe');
INSERT OR REPLACE INTO countries (code, name_en, continent) VALUES ('CA', 'Canada', 'North America');
INSERT OR REPLACE INTO countries (code, name_en, continent) VALUES ('CD', 'DR Congo', 'Africa');
INSERT OR REPLACE INTO countries (code, name_en, continent) VALUES ('CH', 'Switzerland', 'Europe');
INSERT OR REPLACE INTO countries (code, name_en, continent) VALUES ('CL', 'Chile', 'South America');
INSERT OR REPLACE INTO countries (code, name_en, continent) VALUES ('CN', 'China', 'Asia');
INSERT OR REPLACE INTO countries (code, name_en, continent) VALUES ('CO', 'Colombia', 'South America');
INSERT OR REPLACE INTO countries (code, name_en, continent) VALUES ('CR', 'Costa Rica', 'North America');
INSERT OR REPLACE INTO countries (code, name_en, continent) VALUES ('CU', 'Cuba', 'North America');
INSERT OR REPLACE INTO countries (code, name_en, continent) VALUES ('CZ', 'Czechia', 'Europe');
INSERT OR REPLACE INTO countries (code, name_en, continent) VALUES ('DE', 'Germany', 'Europe');
INSERT OR REPLACE INTO countries (code, name_en, continent) VALUES ('DK', 'Denmark', 'Europe');
INSERT OR REPLACE INTO countries (code, name_en, continent) VALUES ('DO', 'Dominican Republic', 'North America');
INSERT OR REPLACE INTO countries (code, name_en, continent) VALUES ('DZ', 'Algeria', 'Africa');
INSERT OR REPLACE INTO countries (code, name_en, continent) VALUES ('EC', 'Ecuador', 'South America');
INSERT OR REPLACE INTO countries (code, name_en, continent) VALUES ('EE', 'Estonia', 'Europe');
INSERT OR REPLACE INTO countries (code, name_en, continent) VALUES ('EG', 'Egypt', 'Africa');
INSERT OR REPLACE INTO countries (code, name_en, continent) VALUES ('ES', 'Spain', 'Europe');
INSERT OR REPLACE INTO countries (code, name_en, continent) VALUES ('ET', 'Ethiopia', 'Africa');
INSERT OR REPLACE INTO countries (code, name_en, continent) VALUES ('FI', 'Finland', 'Europe');
INSERT OR REPLACE INTO countries (code, name_en, continent) VALUES ('FJ', 'Fiji', 'Oceania');
INSERT OR REPLACE INTO countries (code, name_en, continent) VALUES ('FR', 'France', 'Europe');
INSERT OR REPLACE INTO countries (code, name_en, continent) VALUES ('GB', 'United Kingdom', 'Europe');
INSERT OR REPLACE INTO countries (code, name_en, continent) VALUES ('GE', 'Georgia', 'Asia');
INSERT OR REPLACE INTO countries (code, name_en, continent) VALUES ('GH', 'Ghana', 'Africa');
INSERT OR REPLACE INTO countries (code, name_en, continent) VALUES ('GR', 'Greece', 'Europe');
INSERT OR REPLACE INTO countries (code, name_en, continent) VALUES ('HK', 'Hong Kong', 'Asia');
INSERT OR REPLACE INTO countries (code, name_en, continent) VALUES ('HR', 'Croatia', 'Europe');
INSERT OR REPLACE INTO countries (code, name_en, continent) VALUES ('HU', 'Hungary', 'Europe');
INSERT OR REPLACE INTO countries (code, name_en, continent) VALUES ('ID', 'Indonesia', 'Asia');
INSERT OR REPLACE INTO countries (code, name_en, continent) VALUES ('IE', 'Ireland', 'Europe');
INSERT OR REPLACE INTO countries (code, name_en, continent) VALUES ('IL', 'Israel', 'Asia');
INSERT OR REPLACE INTO countries (code, name_en, continent) VALUES ('IN', 'India', 'Asia');
INSERT OR REPLACE INTO countries (code, name_en, continent) VALUES ('IQ', 'Iraq', 'Asia');
INSERT OR REPLACE INTO countries (code, name_en, continent) VALUES ('IR', 'Iran', 'Asia');
INSERT OR REPLACE INTO countries (code, name_en, continent) VALUES ('IS', 'Iceland', 'Europe');
INSERT OR REPLACE INTO countries (code, name_en, continent) VALUES ('IT', 'Italy', 'Europe');
INSERT OR REPLACE INTO countries (code, name_en, continent) VALUES ('JO', 'Jordan', 'Asia');
INSERT OR REPLACE INTO countries (code, name_en, continent) VALUES ('JP', 'Japan', 'Asia');
INSERT OR REPLACE INTO countries (code, name_en, continent) VALUES ('KE', 'Kenya', 'Africa');
INSERT OR REPLACE INTO countries (code, name_en, continent) VALUES ('KH', 'Cambodia', 'Asia');
INSERT OR REPLACE INTO countries (code, name_en, continent) VALUES ('KP', 'North Korea', 'Asia');
INSERT OR REPLACE INTO countries (code, name_en, continent) VALUES ('KR', 'South Korea', 'Asia');
INSERT OR REPLACE INTO countries (code, name_en, continent) VALUES ('KW', 'Kuwait', 'Asia');
INSERT OR REPLACE INTO countries (code, name_en, continent) VALUES ('KZ', 'Kazakhstan', 'Asia');
INSERT OR REPLACE INTO countries (code, name_en, continent) VALUES ('LA', 'Laos', 'Asia');
INSERT OR REPLACE INTO countries (code, name_en, continent) VALUES ('LB', 'Lebanon', 'Asia');
INSERT OR REPLACE INTO countries (code, name_en, continent) VALUES ('LK', 'Sri Lanka', 'Asia');
INSERT OR REPLACE INTO countries (code, name_en, continent) VALUES ('LT', 'Lithuania', 'Europe');
INSERT OR REPLACE INTO countries (code, name_en, continent) VALUES ('LU', 'Luxembourg', 'Europe');
INSERT OR REPLACE INTO countries (code, name_en, continent) VALUES ('LV', 'Latvia', 'Europe');
INSERT OR REPLACE INTO countries (code, name_en, continent) VALUES ('LY', 'Libya', 'Africa');
INSERT OR REPLACE INTO countries (code, name_en, continent) VALUES ('MA', 'Morocco', 'Africa');
INSERT OR REPLACE INTO countries (code, name_en, continent) VALUES ('MD', 'Moldova', 'Europe');
INSERT OR REPLACE INTO countries (code, name_en, continent) VALUES ('MG', 'Madagascar', 'Africa');
INSERT OR REPLACE INTO countries (code, name_en, continent) VALUES ('MK', 'North Macedonia', 'Europe');
INSERT OR REPLACE INTO countries (code, name_en, continent) VALUES ('MM', 'Myanmar', 'Asia');
INSERT OR REPLACE INTO countries (code, name_en, continent) VALUES ('MN', 'Mongolia', 'Asia');
INSERT OR REPLACE INTO countries (code, name_en, continent) VALUES ('MO', 'Macau', 'Asia');
INSERT OR REPLACE INTO countries (code, name_en, continent) VALUES ('MX', 'Mexico', 'North America');
INSERT OR REPLACE INTO countries (code, name_en, continent) VALUES ('MY', 'Malaysia', 'Asia');
INSERT OR REPLACE INTO countries (code, name_en, continent) VALUES ('MZ', 'Mozambique', 'Africa');
INSERT OR REPLACE INTO countries (code, name_en, continent) VALUES ('NG', 'Nigeria', 'Africa');
INSERT OR REPLACE INTO countries (code, name_en, continent) VALUES ('NL', 'Netherlands', 'Europe');
INSERT OR REPLACE INTO countries (code, name_en, continent) VALUES ('NO', 'Norway', 'Europe');
INSERT OR REPLACE INTO countries (code, name_en, continent) VALUES ('NP', 'Nepal', 'Asia');
INSERT OR REPLACE INTO countries (code, name_en, continent) VALUES ('NZ', 'New Zealand', 'Oceania');
INSERT OR REPLACE INTO countries (code, name_en, continent) VALUES ('OM', 'Oman', 'Asia');
INSERT OR REPLACE INTO countries (code, name_en, continent) VALUES ('PA', 'Panama', 'North America');
INSERT OR REPLACE INTO countries (code, name_en, continent) VALUES ('PE', 'Peru', 'South America');
INSERT OR REPLACE INTO countries (code, name_en, continent) VALUES ('PG', 'Papua New Guinea', 'Oceania');
INSERT OR REPLACE INTO countries (code, name_en, continent) VALUES ('PH', 'Philippines', 'Asia');
INSERT OR REPLACE INTO countries (code, name_en, continent) VALUES ('PK', 'Pakistan', 'Asia');
INSERT OR REPLACE INTO countries (code, name_en, continent) VALUES ('PL', 'Poland', 'Europe');
INSERT OR REPLACE INTO countries (code, name_en, continent) VALUES ('PR', 'Puerto Rico', 'North America');
INSERT OR REPLACE INTO countries (code, name_en, continent) VALUES ('PT', 'Portugal', 'Europe');
INSERT OR REPLACE INTO countries (code, name_en, continent) VALUES ('PY', 'Paraguay', 'South America');
INSERT OR REPLACE INTO countries (code, name_en, continent) VALUES ('QA', 'Qatar', 'Asia');
INSERT OR REPLACE INTO countries (code, name_en, continent) VALUES ('RO', 'Romania', 'Europe');
INSERT OR REPLACE INTO countries (code, name_en, continent) VALUES ('RS', 'Serbia', 'Europe');
INSERT OR REPLACE INTO countries (code, name_en, continent) VALUES ('RU', 'Russia', 'Europe');
INSERT OR REPLACE INTO countries (code, name_en, continent) VALUES ('RW', 'Rwanda', 'Africa');
INSERT OR REPLACE INTO countries (code, name_en, continent) VALUES ('SA', 'Saudi Arabia', 'Asia');
INSERT OR REPLACE INTO countries (code, name_en, continent) VALUES ('SD', 'Sudan', 'Africa');
INSERT OR REPLACE INTO countries (code, name_en, continent) VALUES ('SE', 'Sweden', 'Europe');
INSERT OR REPLACE INTO countries (code, name_en, continent) VALUES ('SG', 'Singapore', 'Asia');
INSERT OR REPLACE INTO countries (code, name_en, continent) VALUES ('SI', 'Slovenia', 'Europe');
INSERT OR REPLACE INTO countries (code, name_en, continent) VALUES ('SK', 'Slovakia', 'Europe');
INSERT OR REPLACE INTO countries (code, name_en, continent) VALUES ('SN', 'Senegal', 'Africa');
INSERT OR REPLACE INTO countries (code, name_en, continent) VALUES ('SY', 'Syria', 'Asia');
INSERT OR REPLACE INTO countries (code, name_en, continent) VALUES ('TH', 'Thailand', 'Asia');
INSERT OR REPLACE INTO countries (code, name_en, continent) VALUES ('TN', 'Tunisia', 'Africa');
INSERT OR REPLACE INTO countries (code, name_en, continent) VALUES ('TR', 'Türkiye', 'Asia');
INSERT OR REPLACE INTO countries (code, name_en, continent) VALUES ('TW', 'Taiwan', 'Asia');
INSERT OR REPLACE INTO countries (code, name_en, continent) VALUES ('TZ', 'Tanzania', 'Africa');
INSERT OR REPLACE INTO countries (code, name_en, continent) VALUES ('UA', 'Ukraine', 'Europe');
INSERT OR REPLACE INTO countries (code, name_en, continent) VALUES ('UG', 'Uganda', 'Africa');
INSERT OR REPLACE INTO countries (code, name_en, continent) VALUES ('US', 'United States', 'North America');
INSERT OR REPLACE INTO countries (code, name_en, continent) VALUES ('UY', 'Uruguay', 'South America');
INSERT OR REPLACE INTO countries (code, name_en, continent) VALUES ('UZ', 'Uzbekistan', 'Asia');
INSERT OR REPLACE INTO countries (code, name_en, continent) VALUES ('VE', 'Venezuela', 'South America');
INSERT OR REPLACE INTO countries (code, name_en, continent) VALUES ('VN', 'Vietnam', 'Asia');
INSERT OR REPLACE INTO countries (code, name_en, continent) VALUES ('ZA', 'South Africa', 'Africa');
INSERT OR REPLACE INTO countries (code, name_en, continent) VALUES ('ZM', 'Zambia', 'Africa');
INSERT OR REPLACE INTO countries (code, name_en, continent) VALUES ('ZW', 'Zimbabwe', 'Africa');

-- Timezones -----------------------------------------------------------
INSERT OR REPLACE INTO timezones (id, abbr_standard, abbr_dst, utc_offset_std_min, observes_dst) VALUES ('Africa/Accra', 'GMT', NULL, 0, 0);
INSERT OR REPLACE INTO timezones (id, abbr_standard, abbr_dst, utc_offset_std_min, observes_dst) VALUES ('Africa/Addis_Ababa', 'GMT+3', NULL, 180, 0);
INSERT OR REPLACE INTO timezones (id, abbr_standard, abbr_dst, utc_offset_std_min, observes_dst) VALUES ('Africa/Algiers', 'GMT+1', NULL, 60, 0);
INSERT OR REPLACE INTO timezones (id, abbr_standard, abbr_dst, utc_offset_std_min, observes_dst) VALUES ('Africa/Cairo', 'GMT+2', 'GMT+3', 120, 1);
INSERT OR REPLACE INTO timezones (id, abbr_standard, abbr_dst, utc_offset_std_min, observes_dst) VALUES ('Africa/Casablanca', 'GMT+1', NULL, 60, 0);
INSERT OR REPLACE INTO timezones (id, abbr_standard, abbr_dst, utc_offset_std_min, observes_dst) VALUES ('Africa/Dakar', 'GMT', NULL, 0, 0);
INSERT OR REPLACE INTO timezones (id, abbr_standard, abbr_dst, utc_offset_std_min, observes_dst) VALUES ('Africa/Dar_es_Salaam', 'GMT+3', NULL, 180, 0);
INSERT OR REPLACE INTO timezones (id, abbr_standard, abbr_dst, utc_offset_std_min, observes_dst) VALUES ('Africa/Harare', 'GMT+2', NULL, 120, 0);
INSERT OR REPLACE INTO timezones (id, abbr_standard, abbr_dst, utc_offset_std_min, observes_dst) VALUES ('Africa/Johannesburg', 'GMT+2', NULL, 120, 0);
INSERT OR REPLACE INTO timezones (id, abbr_standard, abbr_dst, utc_offset_std_min, observes_dst) VALUES ('Africa/Kampala', 'GMT+3', NULL, 180, 0);
INSERT OR REPLACE INTO timezones (id, abbr_standard, abbr_dst, utc_offset_std_min, observes_dst) VALUES ('Africa/Khartoum', 'GMT+2', NULL, 120, 0);
INSERT OR REPLACE INTO timezones (id, abbr_standard, abbr_dst, utc_offset_std_min, observes_dst) VALUES ('Africa/Kigali', 'GMT+2', NULL, 120, 0);
INSERT OR REPLACE INTO timezones (id, abbr_standard, abbr_dst, utc_offset_std_min, observes_dst) VALUES ('Africa/Kinshasa', 'GMT+1', NULL, 60, 0);
INSERT OR REPLACE INTO timezones (id, abbr_standard, abbr_dst, utc_offset_std_min, observes_dst) VALUES ('Africa/Lagos', 'GMT+1', NULL, 60, 0);
INSERT OR REPLACE INTO timezones (id, abbr_standard, abbr_dst, utc_offset_std_min, observes_dst) VALUES ('Africa/Luanda', 'GMT+1', NULL, 60, 0);
INSERT OR REPLACE INTO timezones (id, abbr_standard, abbr_dst, utc_offset_std_min, observes_dst) VALUES ('Africa/Lusaka', 'GMT+2', NULL, 120, 0);
INSERT OR REPLACE INTO timezones (id, abbr_standard, abbr_dst, utc_offset_std_min, observes_dst) VALUES ('Africa/Maputo', 'GMT+2', NULL, 120, 0);
INSERT OR REPLACE INTO timezones (id, abbr_standard, abbr_dst, utc_offset_std_min, observes_dst) VALUES ('Africa/Nairobi', 'GMT+3', NULL, 180, 0);
INSERT OR REPLACE INTO timezones (id, abbr_standard, abbr_dst, utc_offset_std_min, observes_dst) VALUES ('Africa/Tripoli', 'GMT+2', NULL, 120, 0);
INSERT OR REPLACE INTO timezones (id, abbr_standard, abbr_dst, utc_offset_std_min, observes_dst) VALUES ('Africa/Tunis', 'GMT+1', NULL, 60, 0);
INSERT OR REPLACE INTO timezones (id, abbr_standard, abbr_dst, utc_offset_std_min, observes_dst) VALUES ('America/Anchorage', 'AKST', 'AKDT', -540, 1);
INSERT OR REPLACE INTO timezones (id, abbr_standard, abbr_dst, utc_offset_std_min, observes_dst) VALUES ('America/Argentina/Buenos_Aires', 'GMT-3', NULL, -180, 0);
INSERT OR REPLACE INTO timezones (id, abbr_standard, abbr_dst, utc_offset_std_min, observes_dst) VALUES ('America/Asuncion', 'GMT-3', NULL, -180, 0);
INSERT OR REPLACE INTO timezones (id, abbr_standard, abbr_dst, utc_offset_std_min, observes_dst) VALUES ('America/Bogota', 'GMT-5', NULL, -300, 0);
INSERT OR REPLACE INTO timezones (id, abbr_standard, abbr_dst, utc_offset_std_min, observes_dst) VALUES ('America/Caracas', 'GMT-4', NULL, -240, 0);
INSERT OR REPLACE INTO timezones (id, abbr_standard, abbr_dst, utc_offset_std_min, observes_dst) VALUES ('America/Chicago', 'CST', 'CDT', -360, 1);
INSERT OR REPLACE INTO timezones (id, abbr_standard, abbr_dst, utc_offset_std_min, observes_dst) VALUES ('America/Costa_Rica', 'CST', NULL, -360, 0);
INSERT OR REPLACE INTO timezones (id, abbr_standard, abbr_dst, utc_offset_std_min, observes_dst) VALUES ('America/Denver', 'MST', 'MDT', -420, 1);
INSERT OR REPLACE INTO timezones (id, abbr_standard, abbr_dst, utc_offset_std_min, observes_dst) VALUES ('America/Detroit', 'EST', 'EDT', -300, 1);
INSERT OR REPLACE INTO timezones (id, abbr_standard, abbr_dst, utc_offset_std_min, observes_dst) VALUES ('America/Edmonton', 'MST', 'MDT', -420, 1);
INSERT OR REPLACE INTO timezones (id, abbr_standard, abbr_dst, utc_offset_std_min, observes_dst) VALUES ('America/Fortaleza', 'GMT-3', NULL, -180, 0);
INSERT OR REPLACE INTO timezones (id, abbr_standard, abbr_dst, utc_offset_std_min, observes_dst) VALUES ('America/Guayaquil', 'GMT-5', NULL, -300, 0);
INSERT OR REPLACE INTO timezones (id, abbr_standard, abbr_dst, utc_offset_std_min, observes_dst) VALUES ('America/Havana', 'GMT-5', 'GMT-4', -300, 1);
INSERT OR REPLACE INTO timezones (id, abbr_standard, abbr_dst, utc_offset_std_min, observes_dst) VALUES ('America/La_Paz', 'GMT-4', NULL, -240, 0);
INSERT OR REPLACE INTO timezones (id, abbr_standard, abbr_dst, utc_offset_std_min, observes_dst) VALUES ('America/Lima', 'GMT-5', NULL, -300, 0);
INSERT OR REPLACE INTO timezones (id, abbr_standard, abbr_dst, utc_offset_std_min, observes_dst) VALUES ('America/Los_Angeles', 'PST', 'PDT', -480, 1);
INSERT OR REPLACE INTO timezones (id, abbr_standard, abbr_dst, utc_offset_std_min, observes_dst) VALUES ('America/Mexico_City', 'CST', NULL, -360, 0);
INSERT OR REPLACE INTO timezones (id, abbr_standard, abbr_dst, utc_offset_std_min, observes_dst) VALUES ('America/Monterrey', 'CST', NULL, -360, 0);
INSERT OR REPLACE INTO timezones (id, abbr_standard, abbr_dst, utc_offset_std_min, observes_dst) VALUES ('America/Montevideo', 'GMT-3', NULL, -180, 0);
INSERT OR REPLACE INTO timezones (id, abbr_standard, abbr_dst, utc_offset_std_min, observes_dst) VALUES ('America/New_York', 'EST', 'EDT', -300, 1);
INSERT OR REPLACE INTO timezones (id, abbr_standard, abbr_dst, utc_offset_std_min, observes_dst) VALUES ('America/Panama', 'EST', NULL, -300, 0);
INSERT OR REPLACE INTO timezones (id, abbr_standard, abbr_dst, utc_offset_std_min, observes_dst) VALUES ('America/Phoenix', 'MST', NULL, -420, 0);
INSERT OR REPLACE INTO timezones (id, abbr_standard, abbr_dst, utc_offset_std_min, observes_dst) VALUES ('America/Puerto_Rico', 'AST', NULL, -240, 0);
INSERT OR REPLACE INTO timezones (id, abbr_standard, abbr_dst, utc_offset_std_min, observes_dst) VALUES ('America/Santiago', 'GMT-3', 'GMT-4', -180, 1);
INSERT OR REPLACE INTO timezones (id, abbr_standard, abbr_dst, utc_offset_std_min, observes_dst) VALUES ('America/Santo_Domingo', 'AST', NULL, -240, 0);
INSERT OR REPLACE INTO timezones (id, abbr_standard, abbr_dst, utc_offset_std_min, observes_dst) VALUES ('America/Sao_Paulo', 'GMT-3', NULL, -180, 0);
INSERT OR REPLACE INTO timezones (id, abbr_standard, abbr_dst, utc_offset_std_min, observes_dst) VALUES ('America/Toronto', 'EST', 'EDT', -300, 1);
INSERT OR REPLACE INTO timezones (id, abbr_standard, abbr_dst, utc_offset_std_min, observes_dst) VALUES ('America/Vancouver', 'PST', 'PDT', -480, 1);
INSERT OR REPLACE INTO timezones (id, abbr_standard, abbr_dst, utc_offset_std_min, observes_dst) VALUES ('Asia/Almaty', 'GMT+5', NULL, 300, 0);
INSERT OR REPLACE INTO timezones (id, abbr_standard, abbr_dst, utc_offset_std_min, observes_dst) VALUES ('Asia/Amman', 'GMT+3', NULL, 180, 0);
INSERT OR REPLACE INTO timezones (id, abbr_standard, abbr_dst, utc_offset_std_min, observes_dst) VALUES ('Asia/Baghdad', 'GMT+3', NULL, 180, 0);
INSERT OR REPLACE INTO timezones (id, abbr_standard, abbr_dst, utc_offset_std_min, observes_dst) VALUES ('Asia/Bahrain', 'GMT+3', NULL, 180, 0);
INSERT OR REPLACE INTO timezones (id, abbr_standard, abbr_dst, utc_offset_std_min, observes_dst) VALUES ('Asia/Baku', 'GMT+4', NULL, 240, 0);
INSERT OR REPLACE INTO timezones (id, abbr_standard, abbr_dst, utc_offset_std_min, observes_dst) VALUES ('Asia/Bangkok', 'GMT+7', NULL, 420, 0);
INSERT OR REPLACE INTO timezones (id, abbr_standard, abbr_dst, utc_offset_std_min, observes_dst) VALUES ('Asia/Beirut', 'GMT+2', 'GMT+3', 120, 1);
INSERT OR REPLACE INTO timezones (id, abbr_standard, abbr_dst, utc_offset_std_min, observes_dst) VALUES ('Asia/Colombo', 'GMT+5:30', NULL, 330, 0);
INSERT OR REPLACE INTO timezones (id, abbr_standard, abbr_dst, utc_offset_std_min, observes_dst) VALUES ('Asia/Damascus', 'GMT+3', NULL, 180, 0);
INSERT OR REPLACE INTO timezones (id, abbr_standard, abbr_dst, utc_offset_std_min, observes_dst) VALUES ('Asia/Dhaka', 'GMT+6', NULL, 360, 0);
INSERT OR REPLACE INTO timezones (id, abbr_standard, abbr_dst, utc_offset_std_min, observes_dst) VALUES ('Asia/Dubai', 'GMT+4', NULL, 240, 0);
INSERT OR REPLACE INTO timezones (id, abbr_standard, abbr_dst, utc_offset_std_min, observes_dst) VALUES ('Asia/Ho_Chi_Minh', 'GMT+7', NULL, 420, 0);
INSERT OR REPLACE INTO timezones (id, abbr_standard, abbr_dst, utc_offset_std_min, observes_dst) VALUES ('Asia/Hong_Kong', 'GMT+8', NULL, 480, 0);
INSERT OR REPLACE INTO timezones (id, abbr_standard, abbr_dst, utc_offset_std_min, observes_dst) VALUES ('Asia/Jakarta', 'GMT+7', NULL, 420, 0);
INSERT OR REPLACE INTO timezones (id, abbr_standard, abbr_dst, utc_offset_std_min, observes_dst) VALUES ('Asia/Jerusalem', 'GMT+2', 'GMT+3', 120, 1);
INSERT OR REPLACE INTO timezones (id, abbr_standard, abbr_dst, utc_offset_std_min, observes_dst) VALUES ('Asia/Kabul', 'GMT+4:30', NULL, 270, 0);
INSERT OR REPLACE INTO timezones (id, abbr_standard, abbr_dst, utc_offset_std_min, observes_dst) VALUES ('Asia/Karachi', 'GMT+5', NULL, 300, 0);
INSERT OR REPLACE INTO timezones (id, abbr_standard, abbr_dst, utc_offset_std_min, observes_dst) VALUES ('Asia/Kathmandu', 'GMT+5:45', NULL, 345, 0);
INSERT OR REPLACE INTO timezones (id, abbr_standard, abbr_dst, utc_offset_std_min, observes_dst) VALUES ('Asia/Kolkata', 'GMT+5:30', NULL, 330, 0);
INSERT OR REPLACE INTO timezones (id, abbr_standard, abbr_dst, utc_offset_std_min, observes_dst) VALUES ('Asia/Kuala_Lumpur', 'GMT+8', NULL, 480, 0);
INSERT OR REPLACE INTO timezones (id, abbr_standard, abbr_dst, utc_offset_std_min, observes_dst) VALUES ('Asia/Kuwait', 'GMT+3', NULL, 180, 0);
INSERT OR REPLACE INTO timezones (id, abbr_standard, abbr_dst, utc_offset_std_min, observes_dst) VALUES ('Asia/Macau', 'GMT+8', NULL, 480, 0);
INSERT OR REPLACE INTO timezones (id, abbr_standard, abbr_dst, utc_offset_std_min, observes_dst) VALUES ('Asia/Manila', 'GMT+8', NULL, 480, 0);
INSERT OR REPLACE INTO timezones (id, abbr_standard, abbr_dst, utc_offset_std_min, observes_dst) VALUES ('Asia/Muscat', 'GMT+4', NULL, 240, 0);
INSERT OR REPLACE INTO timezones (id, abbr_standard, abbr_dst, utc_offset_std_min, observes_dst) VALUES ('Asia/Novosibirsk', 'GMT+7', NULL, 420, 0);
INSERT OR REPLACE INTO timezones (id, abbr_standard, abbr_dst, utc_offset_std_min, observes_dst) VALUES ('Asia/Phnom_Penh', 'GMT+7', NULL, 420, 0);
INSERT OR REPLACE INTO timezones (id, abbr_standard, abbr_dst, utc_offset_std_min, observes_dst) VALUES ('Asia/Pyongyang', 'GMT+9', NULL, 540, 0);
INSERT OR REPLACE INTO timezones (id, abbr_standard, abbr_dst, utc_offset_std_min, observes_dst) VALUES ('Asia/Qatar', 'GMT+3', NULL, 180, 0);
INSERT OR REPLACE INTO timezones (id, abbr_standard, abbr_dst, utc_offset_std_min, observes_dst) VALUES ('Asia/Riyadh', 'GMT+3', NULL, 180, 0);
INSERT OR REPLACE INTO timezones (id, abbr_standard, abbr_dst, utc_offset_std_min, observes_dst) VALUES ('Asia/Seoul', 'GMT+9', NULL, 540, 0);
INSERT OR REPLACE INTO timezones (id, abbr_standard, abbr_dst, utc_offset_std_min, observes_dst) VALUES ('Asia/Shanghai', 'GMT+8', NULL, 480, 0);
INSERT OR REPLACE INTO timezones (id, abbr_standard, abbr_dst, utc_offset_std_min, observes_dst) VALUES ('Asia/Singapore', 'GMT+8', NULL, 480, 0);
INSERT OR REPLACE INTO timezones (id, abbr_standard, abbr_dst, utc_offset_std_min, observes_dst) VALUES ('Asia/Taipei', 'GMT+8', NULL, 480, 0);
INSERT OR REPLACE INTO timezones (id, abbr_standard, abbr_dst, utc_offset_std_min, observes_dst) VALUES ('Asia/Tashkent', 'GMT+5', NULL, 300, 0);
INSERT OR REPLACE INTO timezones (id, abbr_standard, abbr_dst, utc_offset_std_min, observes_dst) VALUES ('Asia/Tbilisi', 'GMT+4', NULL, 240, 0);
INSERT OR REPLACE INTO timezones (id, abbr_standard, abbr_dst, utc_offset_std_min, observes_dst) VALUES ('Asia/Tehran', 'GMT+3:30', NULL, 210, 0);
INSERT OR REPLACE INTO timezones (id, abbr_standard, abbr_dst, utc_offset_std_min, observes_dst) VALUES ('Asia/Tokyo', 'GMT+9', NULL, 540, 0);
INSERT OR REPLACE INTO timezones (id, abbr_standard, abbr_dst, utc_offset_std_min, observes_dst) VALUES ('Asia/Ulaanbaatar', 'GMT+8', NULL, 480, 0);
INSERT OR REPLACE INTO timezones (id, abbr_standard, abbr_dst, utc_offset_std_min, observes_dst) VALUES ('Asia/Vientiane', 'GMT+7', NULL, 420, 0);
INSERT OR REPLACE INTO timezones (id, abbr_standard, abbr_dst, utc_offset_std_min, observes_dst) VALUES ('Asia/Vladivostok', 'GMT+10', NULL, 600, 0);
INSERT OR REPLACE INTO timezones (id, abbr_standard, abbr_dst, utc_offset_std_min, observes_dst) VALUES ('Asia/Yangon', 'GMT+6:30', NULL, 390, 0);
INSERT OR REPLACE INTO timezones (id, abbr_standard, abbr_dst, utc_offset_std_min, observes_dst) VALUES ('Asia/Yekaterinburg', 'GMT+5', NULL, 300, 0);
INSERT OR REPLACE INTO timezones (id, abbr_standard, abbr_dst, utc_offset_std_min, observes_dst) VALUES ('Asia/Yerevan', 'GMT+4', NULL, 240, 0);
INSERT OR REPLACE INTO timezones (id, abbr_standard, abbr_dst, utc_offset_std_min, observes_dst) VALUES ('Atlantic/Reykjavik', 'GMT', NULL, 0, 0);
INSERT OR REPLACE INTO timezones (id, abbr_standard, abbr_dst, utc_offset_std_min, observes_dst) VALUES ('Australia/Adelaide', 'GMT+10:30', 'GMT+9:30', 630, 1);
INSERT OR REPLACE INTO timezones (id, abbr_standard, abbr_dst, utc_offset_std_min, observes_dst) VALUES ('Australia/Brisbane', 'GMT+10', NULL, 600, 0);
INSERT OR REPLACE INTO timezones (id, abbr_standard, abbr_dst, utc_offset_std_min, observes_dst) VALUES ('Australia/Melbourne', 'GMT+11', 'GMT+10', 660, 1);
INSERT OR REPLACE INTO timezones (id, abbr_standard, abbr_dst, utc_offset_std_min, observes_dst) VALUES ('Australia/Perth', 'GMT+8', NULL, 480, 0);
INSERT OR REPLACE INTO timezones (id, abbr_standard, abbr_dst, utc_offset_std_min, observes_dst) VALUES ('Australia/Sydney', 'GMT+11', 'GMT+10', 660, 1);
INSERT OR REPLACE INTO timezones (id, abbr_standard, abbr_dst, utc_offset_std_min, observes_dst) VALUES ('Europe/Amsterdam', 'GMT+1', 'GMT+2', 60, 1);
INSERT OR REPLACE INTO timezones (id, abbr_standard, abbr_dst, utc_offset_std_min, observes_dst) VALUES ('Europe/Athens', 'GMT+2', 'GMT+3', 120, 1);
INSERT OR REPLACE INTO timezones (id, abbr_standard, abbr_dst, utc_offset_std_min, observes_dst) VALUES ('Europe/Belgrade', 'GMT+1', 'GMT+2', 60, 1);
INSERT OR REPLACE INTO timezones (id, abbr_standard, abbr_dst, utc_offset_std_min, observes_dst) VALUES ('Europe/Berlin', 'GMT+1', 'GMT+2', 60, 1);
INSERT OR REPLACE INTO timezones (id, abbr_standard, abbr_dst, utc_offset_std_min, observes_dst) VALUES ('Europe/Bratislava', 'GMT+1', 'GMT+2', 60, 1);
INSERT OR REPLACE INTO timezones (id, abbr_standard, abbr_dst, utc_offset_std_min, observes_dst) VALUES ('Europe/Brussels', 'GMT+1', 'GMT+2', 60, 1);
INSERT OR REPLACE INTO timezones (id, abbr_standard, abbr_dst, utc_offset_std_min, observes_dst) VALUES ('Europe/Bucharest', 'GMT+2', 'GMT+3', 120, 1);
INSERT OR REPLACE INTO timezones (id, abbr_standard, abbr_dst, utc_offset_std_min, observes_dst) VALUES ('Europe/Budapest', 'GMT+1', 'GMT+2', 60, 1);
INSERT OR REPLACE INTO timezones (id, abbr_standard, abbr_dst, utc_offset_std_min, observes_dst) VALUES ('Europe/Chisinau', 'GMT+2', 'GMT+3', 120, 1);
INSERT OR REPLACE INTO timezones (id, abbr_standard, abbr_dst, utc_offset_std_min, observes_dst) VALUES ('Europe/Copenhagen', 'GMT+1', 'GMT+2', 60, 1);
INSERT OR REPLACE INTO timezones (id, abbr_standard, abbr_dst, utc_offset_std_min, observes_dst) VALUES ('Europe/Dublin', 'GMT', 'GMT+1', 0, 1);
INSERT OR REPLACE INTO timezones (id, abbr_standard, abbr_dst, utc_offset_std_min, observes_dst) VALUES ('Europe/Helsinki', 'GMT+2', 'GMT+3', 120, 1);
INSERT OR REPLACE INTO timezones (id, abbr_standard, abbr_dst, utc_offset_std_min, observes_dst) VALUES ('Europe/Istanbul', 'GMT+3', NULL, 180, 0);
INSERT OR REPLACE INTO timezones (id, abbr_standard, abbr_dst, utc_offset_std_min, observes_dst) VALUES ('Europe/Kyiv', 'GMT+2', 'GMT+3', 120, 1);
INSERT OR REPLACE INTO timezones (id, abbr_standard, abbr_dst, utc_offset_std_min, observes_dst) VALUES ('Europe/Lisbon', 'GMT+0', 'GMT+1', 0, 1);
INSERT OR REPLACE INTO timezones (id, abbr_standard, abbr_dst, utc_offset_std_min, observes_dst) VALUES ('Europe/Ljubljana', 'GMT+1', 'GMT+2', 60, 1);
INSERT OR REPLACE INTO timezones (id, abbr_standard, abbr_dst, utc_offset_std_min, observes_dst) VALUES ('Europe/London', 'GMT', 'GMT+1', 0, 1);
INSERT OR REPLACE INTO timezones (id, abbr_standard, abbr_dst, utc_offset_std_min, observes_dst) VALUES ('Europe/Luxembourg', 'GMT+1', 'GMT+2', 60, 1);
INSERT OR REPLACE INTO timezones (id, abbr_standard, abbr_dst, utc_offset_std_min, observes_dst) VALUES ('Europe/Madrid', 'GMT+1', 'GMT+2', 60, 1);
INSERT OR REPLACE INTO timezones (id, abbr_standard, abbr_dst, utc_offset_std_min, observes_dst) VALUES ('Europe/Minsk', 'GMT+3', NULL, 180, 0);
INSERT OR REPLACE INTO timezones (id, abbr_standard, abbr_dst, utc_offset_std_min, observes_dst) VALUES ('Europe/Moscow', 'GMT+3', NULL, 180, 0);
INSERT OR REPLACE INTO timezones (id, abbr_standard, abbr_dst, utc_offset_std_min, observes_dst) VALUES ('Europe/Oslo', 'GMT+1', 'GMT+2', 60, 1);
INSERT OR REPLACE INTO timezones (id, abbr_standard, abbr_dst, utc_offset_std_min, observes_dst) VALUES ('Europe/Paris', 'GMT+1', 'GMT+2', 60, 1);
INSERT OR REPLACE INTO timezones (id, abbr_standard, abbr_dst, utc_offset_std_min, observes_dst) VALUES ('Europe/Prague', 'GMT+1', 'GMT+2', 60, 1);
INSERT OR REPLACE INTO timezones (id, abbr_standard, abbr_dst, utc_offset_std_min, observes_dst) VALUES ('Europe/Riga', 'GMT+2', 'GMT+3', 120, 1);
INSERT OR REPLACE INTO timezones (id, abbr_standard, abbr_dst, utc_offset_std_min, observes_dst) VALUES ('Europe/Rome', 'GMT+1', 'GMT+2', 60, 1);
INSERT OR REPLACE INTO timezones (id, abbr_standard, abbr_dst, utc_offset_std_min, observes_dst) VALUES ('Europe/Sarajevo', 'GMT+1', 'GMT+2', 60, 1);
INSERT OR REPLACE INTO timezones (id, abbr_standard, abbr_dst, utc_offset_std_min, observes_dst) VALUES ('Europe/Skopje', 'GMT+1', 'GMT+2', 60, 1);
INSERT OR REPLACE INTO timezones (id, abbr_standard, abbr_dst, utc_offset_std_min, observes_dst) VALUES ('Europe/Sofia', 'GMT+2', 'GMT+3', 120, 1);
INSERT OR REPLACE INTO timezones (id, abbr_standard, abbr_dst, utc_offset_std_min, observes_dst) VALUES ('Europe/Stockholm', 'GMT+1', 'GMT+2', 60, 1);
INSERT OR REPLACE INTO timezones (id, abbr_standard, abbr_dst, utc_offset_std_min, observes_dst) VALUES ('Europe/Tallinn', 'GMT+2', 'GMT+3', 120, 1);
INSERT OR REPLACE INTO timezones (id, abbr_standard, abbr_dst, utc_offset_std_min, observes_dst) VALUES ('Europe/Tirane', 'GMT+1', 'GMT+2', 60, 1);
INSERT OR REPLACE INTO timezones (id, abbr_standard, abbr_dst, utc_offset_std_min, observes_dst) VALUES ('Europe/Vienna', 'GMT+1', 'GMT+2', 60, 1);
INSERT OR REPLACE INTO timezones (id, abbr_standard, abbr_dst, utc_offset_std_min, observes_dst) VALUES ('Europe/Vilnius', 'GMT+2', 'GMT+3', 120, 1);
INSERT OR REPLACE INTO timezones (id, abbr_standard, abbr_dst, utc_offset_std_min, observes_dst) VALUES ('Europe/Warsaw', 'GMT+1', 'GMT+2', 60, 1);
INSERT OR REPLACE INTO timezones (id, abbr_standard, abbr_dst, utc_offset_std_min, observes_dst) VALUES ('Europe/Zagreb', 'GMT+1', 'GMT+2', 60, 1);
INSERT OR REPLACE INTO timezones (id, abbr_standard, abbr_dst, utc_offset_std_min, observes_dst) VALUES ('Europe/Zurich', 'GMT+1', 'GMT+2', 60, 1);
INSERT OR REPLACE INTO timezones (id, abbr_standard, abbr_dst, utc_offset_std_min, observes_dst) VALUES ('Indian/Antananarivo', 'GMT+3', NULL, 180, 0);
INSERT OR REPLACE INTO timezones (id, abbr_standard, abbr_dst, utc_offset_std_min, observes_dst) VALUES ('Pacific/Auckland', 'GMT+13', 'GMT+12', 780, 1);
INSERT OR REPLACE INTO timezones (id, abbr_standard, abbr_dst, utc_offset_std_min, observes_dst) VALUES ('Pacific/Fiji', 'GMT+12', NULL, 720, 0);
INSERT OR REPLACE INTO timezones (id, abbr_standard, abbr_dst, utc_offset_std_min, observes_dst) VALUES ('Pacific/Honolulu', 'HST', NULL, -600, 0);
INSERT OR REPLACE INTO timezones (id, abbr_standard, abbr_dst, utc_offset_std_min, observes_dst) VALUES ('Pacific/Port_Moresby', 'GMT+10', NULL, 600, 0);

-- Cities --------------------------------------------------------------
INSERT INTO cities (id, slug, name_en, ascii_name, country_code, admin1_code, population, latitude, longitude, timezone_id, is_disambiguated, prerender_priority) VALUES (1273294, 'delhi', 'Delhi', 'Delhi', 'IN', '07', 32226000, 28.6139, 77.209, 'Asia/Kolkata', 0, 224);
INSERT INTO cities (id, slug, name_en, ascii_name, country_code, admin1_code, population, latitude, longitude, timezone_id, is_disambiguated, prerender_priority) VALUES (1796236, 'shanghai', 'Shanghai', 'Shanghai', 'CN', NULL, 27795702, 31.2304, 121.4737, 'Asia/Shanghai', 0, 223);
INSERT INTO cities (id, slug, name_en, ascii_name, country_code, admin1_code, population, latitude, longitude, timezone_id, is_disambiguated, prerender_priority) VALUES (1185241, 'dhaka', 'Dhaka', 'Dhaka', 'BD', NULL, 22478116, 23.8103, 90.4125, 'Asia/Dhaka', 0, 222);
INSERT INTO cities (id, slug, name_en, ascii_name, country_code, admin1_code, population, latitude, longitude, timezone_id, is_disambiguated, prerender_priority) VALUES (1816670, 'beijing', 'Beijing', 'Beijing', 'CN', NULL, 21893095, 39.9042, 116.4074, 'Asia/Shanghai', 0, 221);
INSERT INTO cities (id, slug, name_en, ascii_name, country_code, admin1_code, population, latitude, longitude, timezone_id, is_disambiguated, prerender_priority) VALUES (1275339, 'mumbai', 'Mumbai', 'Mumbai', 'IN', '16', 20668000, 19.076, 72.8777, 'Asia/Kolkata', 0, 220);
INSERT INTO cities (id, slug, name_en, ascii_name, country_code, admin1_code, population, latitude, longitude, timezone_id, is_disambiguated, prerender_priority) VALUES (1814906, 'chongqing', 'Chongqing', 'Chongqing', 'CN', NULL, 16382376, 29.4316, 106.9123, 'Asia/Shanghai', 0, 219);
INSERT INTO cities (id, slug, name_en, ascii_name, country_code, admin1_code, population, latitude, longitude, timezone_id, is_disambiguated, prerender_priority) VALUES (1815286, 'chengdu', 'Chengdu', 'Chengdu', 'CN', NULL, 16330000, 30.5728, 104.0668, 'Asia/Shanghai', 0, 218);
INSERT INTO cities (id, slug, name_en, ascii_name, country_code, admin1_code, population, latitude, longitude, timezone_id, is_disambiguated, prerender_priority) VALUES (1174872, 'karachi', 'Karachi', 'Karachi', 'PK', NULL, 16093786, 24.8607, 67.0011, 'Asia/Karachi', 0, 217);
INSERT INTO cities (id, slug, name_en, ascii_name, country_code, admin1_code, population, latitude, longitude, timezone_id, is_disambiguated, prerender_priority) VALUES (1701668, 'manila', 'Manila', 'Manila', 'PH', NULL, 14406000, 14.5995, 120.9842, 'Asia/Manila', 0, 216);
INSERT INTO cities (id, slug, name_en, ascii_name, country_code, admin1_code, population, latitude, longitude, timezone_id, is_disambiguated, prerender_priority) VALUES (2332459, 'lagos', 'Lagos', 'Lagos', 'NG', NULL, 15388000, 6.5244, 3.3792, 'Africa/Lagos', 0, 215);
INSERT INTO cities (id, slug, name_en, ascii_name, country_code, admin1_code, population, latitude, longitude, timezone_id, is_disambiguated, prerender_priority) VALUES (2314302, 'kinshasa', 'Kinshasa', 'Kinshasa', 'CD', NULL, 14342000, -4.4419, 15.2663, 'Africa/Kinshasa', 0, 214);
INSERT INTO cities (id, slug, name_en, ascii_name, country_code, admin1_code, population, latitude, longitude, timezone_id, is_disambiguated, prerender_priority) VALUES (745044, 'istanbul', 'Istanbul', 'Istanbul', 'TR', NULL, 15029231, 41.0082, 28.9784, 'Europe/Istanbul', 0, 213);
INSERT INTO cities (id, slug, name_en, ascii_name, country_code, admin1_code, population, latitude, longitude, timezone_id, is_disambiguated, prerender_priority) VALUES (1850147, 'tokyo', 'Tokyo', 'Tokyo', 'JP', NULL, 13929286, 35.6895, 139.6917, 'Asia/Tokyo', 0, 212);
INSERT INTO cities (id, slug, name_en, ascii_name, country_code, admin1_code, population, latitude, longitude, timezone_id, is_disambiguated, prerender_priority) VALUES (1275004, 'kolkata', 'Kolkata', 'Kolkata', 'IN', '28', 14617000, 22.5726, 88.3639, 'Asia/Kolkata', 0, 211);
INSERT INTO cities (id, slug, name_en, ascii_name, country_code, admin1_code, population, latitude, longitude, timezone_id, is_disambiguated, prerender_priority) VALUES (1809858, 'guangzhou', 'Guangzhou', 'Guangzhou', 'CN', NULL, 13858700, 23.1291, 113.2644, 'Asia/Shanghai', 0, 210);
INSERT INTO cities (id, slug, name_en, ascii_name, country_code, admin1_code, population, latitude, longitude, timezone_id, is_disambiguated, prerender_priority) VALUES (524901, 'moscow', 'Moscow', 'Moscow', 'RU', NULL, 12537954, 55.7558, 37.6173, 'Europe/Moscow', 0, 209);
INSERT INTO cities (id, slug, name_en, ascii_name, country_code, admin1_code, population, latitude, longitude, timezone_id, is_disambiguated, prerender_priority) VALUES (1792947, 'tianjin', 'Tianjin', 'Tianjin', 'CN', NULL, 13215344, 39.0842, 117.2009, 'Asia/Shanghai', 0, 208);
INSERT INTO cities (id, slug, name_en, ascii_name, country_code, admin1_code, population, latitude, longitude, timezone_id, is_disambiguated, prerender_priority) VALUES (1172451, 'lahore', 'Lahore', 'Lahore', 'PK', NULL, 13095000, 31.5497, 74.3436, 'Asia/Karachi', 0, 207);
INSERT INTO cities (id, slug, name_en, ascii_name, country_code, admin1_code, population, latitude, longitude, timezone_id, is_disambiguated, prerender_priority) VALUES (1795565, 'shenzhen', 'Shenzhen', 'Shenzhen', 'CN', NULL, 12591696, 22.5431, 114.0579, 'Asia/Shanghai', 0, 206);
INSERT INTO cities (id, slug, name_en, ascii_name, country_code, admin1_code, population, latitude, longitude, timezone_id, is_disambiguated, prerender_priority) VALUES (1277333, 'bangalore', 'Bangalore', 'Bangalore', 'IN', '19', 12339447, 12.9716, 77.5946, 'Asia/Kolkata', 0, 205);
INSERT INTO cities (id, slug, name_en, ascii_name, country_code, admin1_code, population, latitude, longitude, timezone_id, is_disambiguated, prerender_priority) VALUES (3448439, 'sao-paulo', 'São Paulo', 'Sao Paulo', 'BR', '27', 12325232, -23.5505, -46.6333, 'America/Sao_Paulo', 0, 204);
INSERT INTO cities (id, slug, name_en, ascii_name, country_code, admin1_code, population, latitude, longitude, timezone_id, is_disambiguated, prerender_priority) VALUES (1642911, 'jakarta', 'Jakarta', 'Jakarta', 'ID', NULL, 10770000, -6.2088, 106.8456, 'Asia/Jakarta', 0, 203);
INSERT INTO cities (id, slug, name_en, ascii_name, country_code, admin1_code, population, latitude, longitude, timezone_id, is_disambiguated, prerender_priority) VALUES (1609350, 'bangkok', 'Bangkok', 'Bangkok', 'TH', NULL, 10539000, 13.7563, 100.5018, 'Asia/Bangkok', 0, 202);
INSERT INTO cities (id, slug, name_en, ascii_name, country_code, admin1_code, population, latitude, longitude, timezone_id, is_disambiguated, prerender_priority) VALUES (1835848, 'seoul', 'Seoul', 'Seoul', 'KR', NULL, 9776000, 37.5665, 126.978, 'Asia/Seoul', 0, 201);
INSERT INTO cities (id, slug, name_en, ascii_name, country_code, admin1_code, population, latitude, longitude, timezone_id, is_disambiguated, prerender_priority) VALUES (1791247, 'wuhan', 'Wuhan', 'Wuhan', 'CN', NULL, 10589000, 30.5928, 114.3055, 'Asia/Shanghai', 0, 200);
INSERT INTO cities (id, slug, name_en, ascii_name, country_code, admin1_code, population, latitude, longitude, timezone_id, is_disambiguated, prerender_priority) VALUES (360630, 'cairo', 'Cairo', 'Cairo', 'EG', NULL, 9540000, 30.0444, 31.2357, 'Africa/Cairo', 0, 199);
INSERT INTO cities (id, slug, name_en, ascii_name, country_code, admin1_code, population, latitude, longitude, timezone_id, is_disambiguated, prerender_priority) VALUES (1264527, 'chennai', 'Chennai', 'Chennai', 'IN', '25', 10456000, 13.0827, 80.2707, 'Asia/Kolkata', 0, 198);
INSERT INTO cities (id, slug, name_en, ascii_name, country_code, admin1_code, population, latitude, longitude, timezone_id, is_disambiguated, prerender_priority) VALUES (112931, 'tehran', 'Tehran', 'Tehran', 'IR', NULL, 9382000, 35.6892, 51.389, 'Asia/Tehran', 0, 197);
INSERT INTO cities (id, slug, name_en, ascii_name, country_code, admin1_code, population, latitude, longitude, timezone_id, is_disambiguated, prerender_priority) VALUES (3530597, 'mexico-city', 'Mexico City', 'Mexico City', 'MX', NULL, 9209944, 19.4326, -99.1332, 'America/Mexico_City', 0, 196);
INSERT INTO cities (id, slug, name_en, ascii_name, country_code, admin1_code, population, latitude, longitude, timezone_id, is_disambiguated, prerender_priority) VALUES (3936456, 'lima', 'Lima', 'Lima', 'PE', NULL, 9162000, -12.0464, -77.0428, 'America/Lima', 0, 195);
INSERT INTO cities (id, slug, name_en, ascii_name, country_code, admin1_code, population, latitude, longitude, timezone_id, is_disambiguated, prerender_priority) VALUES (2643743, 'london', 'London', 'London', 'GB', NULL, 8961989, 51.5074, -0.1278, 'Europe/London', 0, 194);
INSERT INTO cities (id, slug, name_en, ascii_name, country_code, admin1_code, population, latitude, longitude, timezone_id, is_disambiguated, prerender_priority) VALUES (1269843, 'hyderabad', 'Hyderabad', 'Hyderabad', 'IN', '40', 9746000, 17.385, 78.4867, 'Asia/Kolkata', 0, 193);
INSERT INTO cities (id, slug, name_en, ascii_name, country_code, admin1_code, population, latitude, longitude, timezone_id, is_disambiguated, prerender_priority) VALUES (1790630, 'xian', 'Xi''an', 'Xian', 'CN', NULL, 9600000, 34.3416, 108.9398, 'Asia/Shanghai', 0, 192);
INSERT INTO cities (id, slug, name_en, ascii_name, country_code, admin1_code, population, latitude, longitude, timezone_id, is_disambiguated, prerender_priority) VALUES (1581130, 'hanoi', 'Hanoi', 'Hanoi', 'VN', NULL, 8400000, 21.0285, 105.8542, 'Asia/Ho_Chi_Minh', 0, 191);
INSERT INTO cities (id, slug, name_en, ascii_name, country_code, admin1_code, population, latitude, longitude, timezone_id, is_disambiguated, prerender_priority) VALUES (2240449, 'luanda', 'Luanda', 'Luanda', 'AO', NULL, 8330000, -8.8147, 13.2302, 'Africa/Luanda', 0, 190);
INSERT INTO cities (id, slug, name_en, ascii_name, country_code, admin1_code, population, latitude, longitude, timezone_id, is_disambiguated, prerender_priority) VALUES (1808926, 'hangzhou', 'Hangzhou', 'Hangzhou', 'CN', NULL, 9018000, 30.2741, 120.1551, 'Asia/Shanghai', 0, 189);
INSERT INTO cities (id, slug, name_en, ascii_name, country_code, admin1_code, population, latitude, longitude, timezone_id, is_disambiguated, prerender_priority) VALUES (1566083, 'ho-chi-minh-city', 'Ho Chi Minh City', 'Ho Chi Minh City', 'VN', NULL, 8993000, 10.8231, 106.6297, 'Asia/Ho_Chi_Minh', 0, 188);
INSERT INTO cities (id, slug, name_en, ascii_name, country_code, admin1_code, population, latitude, longitude, timezone_id, is_disambiguated, prerender_priority) VALUES (3688689, 'bogota', 'Bogotá', 'Bogota', 'CO', NULL, 7412566, 4.711, -74.0721, 'America/Bogota', 0, 187);
INSERT INTO cities (id, slug, name_en, ascii_name, country_code, admin1_code, population, latitude, longitude, timezone_id, is_disambiguated, prerender_priority) VALUES (5128581, 'new-york', 'New York', 'New York', 'US', 'NY', 8336817, 40.7128, -74.006, 'America/New_York', 0, 186);
INSERT INTO cities (id, slug, name_en, ascii_name, country_code, admin1_code, population, latitude, longitude, timezone_id, is_disambiguated, prerender_priority) VALUES (98182, 'baghdad', 'Baghdad', 'Baghdad', 'IQ', NULL, 7144000, 33.3128, 44.3615, 'Asia/Baghdad', 0, 185);
INSERT INTO cities (id, slug, name_en, ascii_name, country_code, admin1_code, population, latitude, longitude, timezone_id, is_disambiguated, prerender_priority) VALUES (108410, 'riyadh', 'Riyadh', 'Riyadh', 'SA', NULL, 7000000, 24.7136, 46.6753, 'Asia/Riyadh', 0, 184);
INSERT INTO cities (id, slug, name_en, ascii_name, country_code, admin1_code, population, latitude, longitude, timezone_id, is_disambiguated, prerender_priority) VALUES (1819729, 'hong-kong', 'Hong Kong', 'Hong Kong', 'HK', NULL, 7400000, 22.3193, 114.1694, 'Asia/Hong_Kong', 0, 183);
INSERT INTO cities (id, slug, name_en, ascii_name, country_code, admin1_code, population, latitude, longitude, timezone_id, is_disambiguated, prerender_priority) VALUES (3451190, 'rio-de-janeiro', 'Rio de Janeiro', 'Rio de Janeiro', 'BR', '21', 6747815, -22.9068, -43.1729, 'America/Sao_Paulo', 0, 182);
INSERT INTO cities (id, slug, name_en, ascii_name, country_code, admin1_code, population, latitude, longitude, timezone_id, is_disambiguated, prerender_priority) VALUES (160263, 'dar-es-salaam', 'Dar es Salaam', 'Dar es Salaam', 'TZ', NULL, 6700000, -6.7924, 39.2083, 'Africa/Dar_es_Salaam', 0, 181);
INSERT INTO cities (id, slug, name_en, ascii_name, country_code, admin1_code, population, latitude, longitude, timezone_id, is_disambiguated, prerender_priority) VALUES (323786, 'ankara', 'Ankara', 'Ankara', 'TR', NULL, 5663000, 39.9334, 32.8597, 'Europe/Istanbul', 0, 180);
INSERT INTO cities (id, slug, name_en, ascii_name, country_code, admin1_code, population, latitude, longitude, timezone_id, is_disambiguated, prerender_priority) VALUES (1880252, 'singapore', 'Singapore', 'Singapore', 'SG', NULL, 5638700, 1.3521, 103.8198, 'Asia/Singapore', 0, 179);
INSERT INTO cities (id, slug, name_en, ascii_name, country_code, admin1_code, population, latitude, longitude, timezone_id, is_disambiguated, prerender_priority) VALUES (3871336, 'santiago', 'Santiago', 'Santiago', 'CL', NULL, 5614000, -33.4489, -70.6693, 'America/Santiago', 0, 178);
INSERT INTO cities (id, slug, name_en, ascii_name, country_code, admin1_code, population, latitude, longitude, timezone_id, is_disambiguated, prerender_priority) VALUES (379252, 'khartoum', 'Khartoum', 'Khartoum', 'SD', NULL, 5274321, 15.5007, 32.5599, 'Africa/Khartoum', 0, 177);
INSERT INTO cities (id, slug, name_en, ascii_name, country_code, admin1_code, population, latitude, longitude, timezone_id, is_disambiguated, prerender_priority) VALUES (344979, 'addis-ababa', 'Addis Ababa', 'Addis Ababa', 'ET', NULL, 5006000, 9.032, 38.7469, 'Africa/Addis_Ababa', 0, 176);
INSERT INTO cities (id, slug, name_en, ascii_name, country_code, admin1_code, population, latitude, longitude, timezone_id, is_disambiguated, prerender_priority) VALUES (993800, 'johannesburg', 'Johannesburg', 'Johannesburg', 'ZA', NULL, 5635127, -26.2041, 28.0473, 'Africa/Johannesburg', 0, 175);
INSERT INTO cities (id, slug, name_en, ascii_name, country_code, admin1_code, population, latitude, longitude, timezone_id, is_disambiguated, prerender_priority) VALUES (1138958, 'kabul', 'Kabul', 'Kabul', 'AF', NULL, 4601789, 34.5553, 69.2075, 'Asia/Kabul', 0, 174);
INSERT INTO cities (id, slug, name_en, ascii_name, country_code, admin1_code, population, latitude, longitude, timezone_id, is_disambiguated, prerender_priority) VALUES (285787, 'kuwait-city', 'Kuwait City', 'Kuwait City', 'KW', NULL, 4600000, 29.3759, 47.9774, 'Asia/Kuwait', 0, 173);
INSERT INTO cities (id, slug, name_en, ascii_name, country_code, admin1_code, population, latitude, longitude, timezone_id, is_disambiguated, prerender_priority) VALUES (184745, 'nairobi', 'Nairobi', 'Nairobi', 'KE', NULL, 4397073, -1.2921, 36.8219, 'Africa/Nairobi', 0, 172);
INSERT INTO cities (id, slug, name_en, ascii_name, country_code, admin1_code, population, latitude, longitude, timezone_id, is_disambiguated, prerender_priority) VALUES (498817, 'saint-petersburg', 'Saint Petersburg', 'Saint Petersburg', 'RU', NULL, 5384342, 59.9311, 30.3609, 'Europe/Moscow', 0, 171);
INSERT INTO cities (id, slug, name_en, ascii_name, country_code, admin1_code, population, latitude, longitude, timezone_id, is_disambiguated, prerender_priority) VALUES (2147714, 'sydney', 'Sydney', 'Sydney', 'AU', '02', 5312163, -33.8688, 151.2093, 'Australia/Sydney', 0, 170);
INSERT INTO cities (id, slug, name_en, ascii_name, country_code, admin1_code, population, latitude, longitude, timezone_id, is_disambiguated, prerender_priority) VALUES (1298824, 'yangon', 'Yangon', 'Yangon', 'MM', NULL, 5160000, 16.8409, 96.1735, 'Asia/Yangon', 0, 169);
INSERT INTO cities (id, slug, name_en, ascii_name, country_code, admin1_code, population, latitude, longitude, timezone_id, is_disambiguated, prerender_priority) VALUES (2158177, 'melbourne', 'Melbourne', 'Melbourne', 'AU', '07', 5078193, -37.8136, 144.9631, 'Australia/Melbourne', 0, 168);
INSERT INTO cities (id, slug, name_en, ascii_name, country_code, admin1_code, population, latitude, longitude, timezone_id, is_disambiguated, prerender_priority) VALUES (250441, 'amman', 'Amman', 'Amman', 'JO', NULL, 4007526, 31.9454, 35.9284, 'Asia/Amman', 0, 167);
INSERT INTO cities (id, slug, name_en, ascii_name, country_code, admin1_code, population, latitude, longitude, timezone_id, is_disambiguated, prerender_priority) VALUES (105343, 'jeddah', 'Jeddah', 'Jeddah', 'SA', NULL, 4697000, 21.4858, 39.1925, 'Asia/Riyadh', 0, 166);
INSERT INTO cities (id, slug, name_en, ascii_name, country_code, admin1_code, population, latitude, longitude, timezone_id, is_disambiguated, prerender_priority) VALUES (2950159, 'berlin', 'Berlin', 'Berlin', 'DE', NULL, 3669491, 52.52, 13.405, 'Europe/Berlin', 0, 165);
INSERT INTO cities (id, slug, name_en, ascii_name, country_code, admin1_code, population, latitude, longitude, timezone_id, is_disambiguated, prerender_priority) VALUES (3369157, 'cape-town', 'Cape Town', 'Cape Town', 'ZA', NULL, 4617560, -33.9249, 18.4241, 'Africa/Johannesburg', 0, 164);
INSERT INTO cities (id, slug, name_en, ascii_name, country_code, admin1_code, population, latitude, longitude, timezone_id, is_disambiguated, prerender_priority) VALUES (2507480, 'algiers', 'Algiers', 'Algiers', 'DZ', NULL, 3415811, 36.7538, 3.0588, 'Africa/Algiers', 0, 163);
INSERT INTO cities (id, slug, name_en, ascii_name, country_code, admin1_code, population, latitude, longitude, timezone_id, is_disambiguated, prerender_priority) VALUES (3117735, 'madrid', 'Madrid', 'Madrid', 'ES', NULL, 3223334, 40.4168, -3.7038, 'Europe/Madrid', 0, 162);
INSERT INTO cities (id, slug, name_en, ascii_name, country_code, admin1_code, population, latitude, longitude, timezone_id, is_disambiguated, prerender_priority) VALUES (1871859, 'pyongyang', 'Pyongyang', 'Pyongyang', 'KP', NULL, 3038000, 39.0392, 125.7625, 'Asia/Pyongyang', 0, 161);
INSERT INTO cities (id, slug, name_en, ascii_name, country_code, admin1_code, population, latitude, longitude, timezone_id, is_disambiguated, prerender_priority) VALUES (3469058, 'brasilia', 'Brasília', 'Brasilia', 'BR', '07', 3015268, -15.8267, -47.9218, 'America/Sao_Paulo', 0, 160);
INSERT INTO cities (id, slug, name_en, ascii_name, country_code, admin1_code, population, latitude, longitude, timezone_id, is_disambiguated, prerender_priority) VALUES (5368361, 'los-angeles', 'Los Angeles', 'Los Angeles', 'US', 'CA', 3979576, 34.0522, -118.2437, 'America/Los_Angeles', 0, 159);
INSERT INTO cities (id, slug, name_en, ascii_name, country_code, admin1_code, population, latitude, longitude, timezone_id, is_disambiguated, prerender_priority) VALUES (703448, 'kyiv', 'Kyiv', 'Kyiv', 'UA', NULL, 2950000, 50.4501, 30.5234, 'Europe/Kyiv', 0, 158);
INSERT INTO cities (id, slug, name_en, ascii_name, country_code, admin1_code, population, latitude, longitude, timezone_id, is_disambiguated, prerender_priority) VALUES (1512569, 'tashkent', 'Tashkent', 'Tashkent', 'UZ', NULL, 2940000, 41.2995, 69.2401, 'Asia/Tashkent', 0, 157);
INSERT INTO cities (id, slug, name_en, ascii_name, country_code, admin1_code, population, latitude, longitude, timezone_id, is_disambiguated, prerender_priority) VALUES (909137, 'lusaka', 'Lusaka', 'Lusaka', 'ZM', NULL, 2906000, -15.3875, 28.3228, 'Africa/Lusaka', 0, 156);
INSERT INTO cities (id, slug, name_en, ascii_name, country_code, admin1_code, population, latitude, longitude, timezone_id, is_disambiguated, prerender_priority) VALUES (3435910, 'buenos-aires', 'Buenos Aires', 'Buenos Aires', 'AR', NULL, 2891000, -34.6037, -58.3816, 'America/Argentina/Buenos_Aires', 0, 155);
INSERT INTO cities (id, slug, name_en, ascii_name, country_code, admin1_code, population, latitude, longitude, timezone_id, is_disambiguated, prerender_priority) VALUES (3169070, 'rome', 'Rome', 'Rome', 'IT', NULL, 2872800, 41.9028, 12.4964, 'Europe/Rome', 0, 154);
INSERT INTO cities (id, slug, name_en, ascii_name, country_code, admin1_code, population, latitude, longitude, timezone_id, is_disambiguated, prerender_priority) VALUES (2553604, 'casablanca', 'Casablanca', 'Casablanca', 'MA', NULL, 3700000, 33.5731, -7.5898, 'Africa/Casablanca', 0, 153);
INSERT INTO cities (id, slug, name_en, ascii_name, country_code, admin1_code, population, latitude, longitude, timezone_id, is_disambiguated, prerender_priority) VALUES (1848354, 'yokohama', 'Yokohama', 'Yokohama', 'JP', NULL, 3697894, 35.4437, 139.638, 'Asia/Tokyo', 0, 152);
INSERT INTO cities (id, slug, name_en, ascii_name, country_code, admin1_code, population, latitude, longitude, timezone_id, is_disambiguated, prerender_priority) VALUES (1838524, 'busan', 'Busan', 'Busan', 'KR', NULL, 3678555, 35.1796, 129.0756, 'Asia/Seoul', 0, 151);
INSERT INTO cities (id, slug, name_en, ascii_name, country_code, admin1_code, population, latitude, longitude, timezone_id, is_disambiguated, prerender_priority) VALUES (1668341, 'taipei', 'Taipei', 'Taipei', 'TW', NULL, 2646000, 25.033, 121.5654, 'Asia/Taipei', 0, 150);
INSERT INTO cities (id, slug, name_en, ascii_name, country_code, admin1_code, population, latitude, longitude, timezone_id, is_disambiguated, prerender_priority) VALUES (964137, 'pretoria', 'Pretoria', 'Pretoria', 'ZA', NULL, 2472612, -25.7479, 28.2293, 'Africa/Johannesburg', 0, 149);
INSERT INTO cities (id, slug, name_en, ascii_name, country_code, admin1_code, population, latitude, longitude, timezone_id, is_disambiguated, prerender_priority) VALUES (170654, 'damascus', 'Damascus', 'Damascus', 'SY', NULL, 2466000, 33.5138, 36.2765, 'Asia/Damascus', 0, 148);
INSERT INTO cities (id, slug, name_en, ascii_name, country_code, admin1_code, population, latitude, longitude, timezone_id, is_disambiguated, prerender_priority) VALUES (276781, 'beirut', 'Beirut', 'Beirut', 'LB', NULL, 2424000, 33.8938, 35.5018, 'Asia/Beirut', 0, 147);
INSERT INTO cities (id, slug, name_en, ascii_name, country_code, admin1_code, population, latitude, longitude, timezone_id, is_disambiguated, prerender_priority) VALUES (290030, 'doha', 'Doha', 'Doha', 'QA', NULL, 2382000, 25.2854, 51.531, 'Asia/Qatar', 0, 146);
INSERT INTO cities (id, slug, name_en, ascii_name, country_code, admin1_code, population, latitude, longitude, timezone_id, is_disambiguated, prerender_priority) VALUES (292223, 'dubai', 'Dubai', 'Dubai', 'AE', NULL, 3331000, 25.2769, 55.2962, 'Asia/Dubai', 0, 145);
INSERT INTO cities (id, slug, name_en, ascii_name, country_code, admin1_code, population, latitude, longitude, timezone_id, is_disambiguated, prerender_priority) VALUES (587084, 'baku', 'Baku', 'Baku', 'AZ', NULL, 2300500, 40.4093, 49.8671, 'Asia/Baku', 0, 144);
INSERT INTO cities (id, slug, name_en, ascii_name, country_code, admin1_code, population, latitude, longitude, timezone_id, is_disambiguated, prerender_priority) VALUES (2306104, 'accra', 'Accra', 'Accra', 'GH', NULL, 2291352, 5.6037, -0.187, 'Africa/Accra', 0, 143);
INSERT INTO cities (id, slug, name_en, ascii_name, country_code, admin1_code, population, latitude, longitude, timezone_id, is_disambiguated, prerender_priority) VALUES (2988507, 'paris', 'Paris', 'Paris', 'FR', NULL, 2161000, 48.8566, 2.3522, 'Europe/Paris', 0, 142);
INSERT INTO cities (id, slug, name_en, ascii_name, country_code, admin1_code, population, latitude, longitude, timezone_id, is_disambiguated, prerender_priority) VALUES (1821306, 'phnom-penh', 'Phnom Penh', 'Phnom Penh', 'KH', NULL, 2129000, 11.5564, 104.9282, 'Asia/Phnom_Penh', 0, 141);
INSERT INTO cities (id, slug, name_en, ascii_name, country_code, admin1_code, population, latitude, longitude, timezone_id, is_disambiguated, prerender_priority) VALUES (3553478, 'havana', 'Havana', 'Havana', 'CU', NULL, 2106146, 23.1136, -82.3666, 'America/Havana', 0, 140);
INSERT INTO cities (id, slug, name_en, ascii_name, country_code, admin1_code, population, latitude, longitude, timezone_id, is_disambiguated, prerender_priority) VALUES (124665, 'mashhad', 'Mashhad', 'Mashhad', 'IR', NULL, 3001184, 36.2974, 59.6062, 'Asia/Tehran', 0, 139);
INSERT INTO cities (id, slug, name_en, ascii_name, country_code, admin1_code, population, latitude, longitude, timezone_id, is_disambiguated, prerender_priority) VALUES (625144, 'minsk', 'Minsk', 'Minsk', 'BY', NULL, 2000000, 53.9006, 27.559, 'Europe/Minsk', 0, 138);
INSERT INTO cities (id, slug, name_en, ascii_name, country_code, admin1_code, population, latitude, longitude, timezone_id, is_disambiguated, prerender_priority) VALUES (1692193, 'quezon-city', 'Quezon City', 'Quezon City', 'PH', NULL, 2960048, 14.676, 121.0437, 'Asia/Manila', 0, 137);
INSERT INTO cities (id, slug, name_en, ascii_name, country_code, admin1_code, population, latitude, longitude, timezone_id, is_disambiguated, prerender_priority) VALUES (3646738, 'caracas', 'Caracas', 'Caracas', 'VE', NULL, 1943901, 10.4806, -66.9036, 'America/Caracas', 0, 136);
INSERT INTO cities (id, slug, name_en, ascii_name, country_code, admin1_code, population, latitude, longitude, timezone_id, is_disambiguated, prerender_priority) VALUES (2761369, 'vienna', 'Vienna', 'Vienna', 'AT', NULL, 1911191, 48.2082, 16.3738, 'Europe/Vienna', 0, 135);
INSERT INTO cities (id, slug, name_en, ascii_name, country_code, admin1_code, population, latitude, longitude, timezone_id, is_disambiguated, prerender_priority) VALUES (1625822, 'surabaya', 'Surabaya', 'Surabaya', 'ID', NULL, 2874000, -7.2575, 112.7521, 'Asia/Jakarta', 0, 134);
INSERT INTO cities (id, slug, name_en, ascii_name, country_code, admin1_code, population, latitude, longitude, timezone_id, is_disambiguated, prerender_priority) VALUES (1733046, 'kuala-lumpur', 'Kuala Lumpur', 'Kuala Lumpur', 'MY', NULL, 1808000, 3.139, 101.6869, 'Asia/Kuala_Lumpur', 0, 133);
INSERT INTO cities (id, slug, name_en, ascii_name, country_code, admin1_code, population, latitude, longitude, timezone_id, is_disambiguated, prerender_priority) VALUES (756135, 'warsaw', 'Warsaw', 'Warsaw', 'PL', NULL, 1793579, 52.2297, 21.0122, 'Europe/Warsaw', 0, 132);
INSERT INTO cities (id, slug, name_en, ascii_name, country_code, admin1_code, population, latitude, longitude, timezone_id, is_disambiguated, prerender_priority) VALUES (3054643, 'budapest', 'Budapest', 'Budapest', 'HU', NULL, 1750000, 47.4979, 19.0402, 'Europe/Budapest', 0, 131);
INSERT INTO cities (id, slug, name_en, ascii_name, country_code, admin1_code, population, latitude, longitude, timezone_id, is_disambiguated, prerender_priority) VALUES (6167865, 'toronto', 'Toronto', 'Toronto', 'CA', '08', 2731571, 43.6532, -79.3832, 'America/Toronto', 0, 130);
INSERT INTO cities (id, slug, name_en, ascii_name, country_code, admin1_code, population, latitude, longitude, timezone_id, is_disambiguated, prerender_priority) VALUES (3657509, 'guayaquil', 'Guayaquil', 'Guayaquil', 'EC', NULL, 2723665, -2.1894, -79.8891, 'America/Guayaquil', 0, 129);
INSERT INTO cities (id, slug, name_en, ascii_name, country_code, admin1_code, population, latitude, longitude, timezone_id, is_disambiguated, prerender_priority) VALUES (683506, 'bucharest', 'Bucharest', 'Bucharest', 'RO', NULL, 1716961, 44.4268, 26.1025, 'Europe/Bucharest', 0, 128);
INSERT INTO cities (id, slug, name_en, ascii_name, country_code, admin1_code, population, latitude, longitude, timezone_id, is_disambiguated, prerender_priority) VALUES (3399415, 'fortaleza', 'Fortaleza', 'Fortaleza', 'BR', '06', 2703391, -3.7172, -38.5433, 'America/Fortaleza', 0, 127);
INSERT INTO cities (id, slug, name_en, ascii_name, country_code, admin1_code, population, latitude, longitude, timezone_id, is_disambiguated, prerender_priority) VALUES (4887398, 'chicago', 'Chicago', 'Chicago', 'US', 'IL', 2693976, 41.8781, -87.6298, 'America/Chicago', 0, 126);
INSERT INTO cities (id, slug, name_en, ascii_name, country_code, admin1_code, population, latitude, longitude, timezone_id, is_disambiguated, prerender_priority) VALUES (1853909, 'osaka', 'Osaka', 'Osaka', 'JP', NULL, 2691185, 34.6937, 135.5023, 'Asia/Tokyo', 0, 125);
INSERT INTO cities (id, slug, name_en, ascii_name, country_code, admin1_code, population, latitude, longitude, timezone_id, is_disambiguated, prerender_priority) VALUES (232422, 'kampala', 'Kampala', 'Kampala', 'UG', NULL, 1659600, 0.3476, 32.5825, 'Africa/Kampala', 0, 124);
INSERT INTO cities (id, slug, name_en, ascii_name, country_code, admin1_code, population, latitude, longitude, timezone_id, is_disambiguated, prerender_priority) VALUES (2538475, 'rabat', 'Rabat', 'Rabat', 'MA', NULL, 1655753, 34.0209, -6.8416, 'Africa/Casablanca', 0, 123);
INSERT INTO cities (id, slug, name_en, ascii_name, country_code, admin1_code, population, latitude, longitude, timezone_id, is_disambiguated, prerender_priority) VALUES (3652462, 'quito', 'Quito', 'Quito', 'EC', NULL, 1607734, -0.1807, -78.4678, 'America/Guayaquil', 0, 122);
INSERT INTO cities (id, slug, name_en, ascii_name, country_code, admin1_code, population, latitude, longitude, timezone_id, is_disambiguated, prerender_priority) VALUES (890299, 'harare', 'Harare', 'Harare', 'ZW', NULL, 1606000, -17.8252, 31.0335, 'Africa/Harare', 0, 121);
INSERT INTO cities (id, slug, name_en, ascii_name, country_code, admin1_code, population, latitude, longitude, timezone_id, is_disambiguated, prerender_priority) VALUES (2174003, 'brisbane', 'Brisbane', 'Brisbane', 'AU', '04', 2560720, -27.4698, 153.0251, 'Australia/Brisbane', 0, 120);
INSERT INTO cities (id, slug, name_en, ascii_name, country_code, admin1_code, population, latitude, longitude, timezone_id, is_disambiguated, prerender_priority) VALUES (287286, 'muscat', 'Muscat', 'Muscat', 'OM', NULL, 1560000, 23.588, 58.3829, 'Asia/Muscat', 0, 119);
INSERT INTO cities (id, slug, name_en, ascii_name, country_code, admin1_code, population, latitude, longitude, timezone_id, is_disambiguated, prerender_priority) VALUES (3470127, 'belo-horizonte', 'Belo Horizonte', 'Belo Horizonte', 'BR', '15', 2521564, -19.9167, -43.9345, 'America/Sao_Paulo', 0, 118);
INSERT INTO cities (id, slug, name_en, ascii_name, country_code, admin1_code, population, latitude, longitude, timezone_id, is_disambiguated, prerender_priority) VALUES (2028462, 'ulaanbaatar', 'Ulaanbaatar', 'Ulaanbaatar', 'MN', NULL, 1510000, 47.8864, 106.9057, 'Asia/Ulaanbaatar', 0, 117);
INSERT INTO cities (id, slug, name_en, ascii_name, country_code, admin1_code, population, latitude, longitude, timezone_id, is_disambiguated, prerender_priority) VALUES (3674962, 'medellin', 'Medellín', 'Medellin', 'CO', NULL, 2508452, 6.2476, -75.5658, 'America/Bogota', 0, 116);
INSERT INTO cities (id, slug, name_en, ascii_name, country_code, admin1_code, population, latitude, longitude, timezone_id, is_disambiguated, prerender_priority) VALUES (2352778, 'abuja', 'Abuja', 'Abuja', 'NG', NULL, 1495000, 9.0765, 7.3986, 'Africa/Lagos', 0, 115);
INSERT INTO cities (id, slug, name_en, ascii_name, country_code, admin1_code, population, latitude, longitude, timezone_id, is_disambiguated, prerender_priority) VALUES (292968, 'abu-dhabi', 'Abu Dhabi', 'Abu Dhabi', 'AE', NULL, 1482000, 24.4539, 54.3773, 'Asia/Dubai', 0, 114);
INSERT INTO cities (id, slug, name_en, ascii_name, country_code, admin1_code, population, latitude, longitude, timezone_id, is_disambiguated, prerender_priority) VALUES (1283240, 'kathmandu', 'Kathmandu', 'Kathmandu', 'NP', NULL, 1442271, 27.7172, 85.324, 'Asia/Kathmandu', 0, 113);
INSERT INTO cities (id, slug, name_en, ascii_name, country_code, admin1_code, population, latitude, longitude, timezone_id, is_disambiguated, prerender_priority) VALUES (1070940, 'antananarivo', 'Antananarivo', 'Antananarivo', 'MG', NULL, 1391433, -18.8792, 47.5079, 'Indian/Antananarivo', 0, 112);
INSERT INTO cities (id, slug, name_en, ascii_name, country_code, admin1_code, population, latitude, longitude, timezone_id, is_disambiguated, prerender_priority) VALUES (4699066, 'houston', 'Houston', 'Houston', 'US', 'TX', 2320268, 29.7604, -95.3698, 'America/Chicago', 0, 111);
INSERT INTO cities (id, slug, name_en, ascii_name, country_code, admin1_code, population, latitude, longitude, timezone_id, is_disambiguated, prerender_priority) VALUES (3441575, 'montevideo', 'Montevideo', 'Montevideo', 'UY', NULL, 1319108, -34.9011, -56.1645, 'America/Montevideo', 0, 110);
INSERT INTO cities (id, slug, name_en, ascii_name, country_code, admin1_code, population, latitude, longitude, timezone_id, is_disambiguated, prerender_priority) VALUES (3067696, 'prague', 'Prague', 'Prague', 'CZ', NULL, 1318000, 50.0755, 14.4378, 'Europe/Prague', 0, 109);
INSERT INTO cities (id, slug, name_en, ascii_name, country_code, admin1_code, population, latitude, longitude, timezone_id, is_disambiguated, prerender_priority) VALUES (1856057, 'nagoya', 'Nagoya', 'Nagoya', 'JP', NULL, 2295638, 35.1815, 136.9066, 'Asia/Tokyo', 0, 108);
INSERT INTO cities (id, slug, name_en, ascii_name, country_code, admin1_code, population, latitude, longitude, timezone_id, is_disambiguated, prerender_priority) VALUES (2800866, 'brussels', 'Brussels', 'Brussels', 'BE', NULL, 1208542, 50.8503, 4.3517, 'Europe/Brussels', 0, 107);
INSERT INTO cities (id, slug, name_en, ascii_name, country_code, admin1_code, population, latitude, longitude, timezone_id, is_disambiguated, prerender_priority) VALUES (727011, 'sofia', 'Sofia', 'Sofia', 'BG', NULL, 1208000, 42.6977, 23.3219, 'Europe/Sofia', 0, 106);
INSERT INTO cities (id, slug, name_en, ascii_name, country_code, admin1_code, population, latitude, longitude, timezone_id, is_disambiguated, prerender_priority) VALUES (1526273, 'astana', 'Astana', 'Astana', 'KZ', NULL, 1200000, 51.1605, 71.4704, 'Asia/Almaty', 0, 105);
INSERT INTO cities (id, slug, name_en, ascii_name, country_code, admin1_code, population, latitude, longitude, timezone_id, is_disambiguated, prerender_priority) VALUES (2964574, 'dublin', 'Dublin', 'Dublin', 'IE', NULL, 1173179, 53.3498, -6.2603, 'Europe/Dublin', 0, 104);
INSERT INTO cities (id, slug, name_en, ascii_name, country_code, admin1_code, population, latitude, longitude, timezone_id, is_disambiguated, prerender_priority) VALUES (792680, 'belgrade', 'Belgrade', 'Belgrade', 'RS', NULL, 1166000, 44.7866, 20.4489, 'Europe/Belgrade', 0, 103);
INSERT INTO cities (id, slug, name_en, ascii_name, country_code, admin1_code, population, latitude, longitude, timezone_id, is_disambiguated, prerender_priority) VALUES (2253354, 'dakar', 'Dakar', 'Dakar', 'SN', NULL, 1146053, 14.7167, -17.4677, 'Africa/Dakar', 0, 102);
INSERT INTO cities (id, slug, name_en, ascii_name, country_code, admin1_code, population, latitude, longitude, timezone_id, is_disambiguated, prerender_priority) VALUES (202061, 'kigali', 'Kigali', 'Kigali', 'RW', NULL, 1132686, -1.9441, 30.0619, 'Africa/Kigali', 0, 101);
INSERT INTO cities (id, slug, name_en, ascii_name, country_code, admin1_code, population, latitude, longitude, timezone_id, is_disambiguated, prerender_priority) VALUES (2210247, 'tripoli', 'Tripoli', 'Tripoli', 'LY', NULL, 1126000, 32.8872, 13.1913, 'Africa/Tripoli', 0, 100);
INSERT INTO cities (id, slug, name_en, ascii_name, country_code, admin1_code, population, latitude, longitude, timezone_id, is_disambiguated, prerender_priority) VALUES (611717, 'tbilisi', 'Tbilisi', 'Tbilisi', 'GE', NULL, 1118000, 41.7151, 44.8271, 'Asia/Tbilisi', 0, 99);
INSERT INTO cities (id, slug, name_en, ascii_name, country_code, admin1_code, population, latitude, longitude, timezone_id, is_disambiguated, prerender_priority) VALUES (1040652, 'maputo', 'Maputo', 'Maputo', 'MZ', NULL, 1101170, -25.9692, 32.5732, 'Africa/Maputo', 0, 98);
INSERT INTO cities (id, slug, name_en, ascii_name, country_code, admin1_code, population, latitude, longitude, timezone_id, is_disambiguated, prerender_priority) VALUES (616052, 'yerevan', 'Yerevan', 'Yerevan', 'AM', NULL, 1080000, 40.1872, 44.5152, 'Asia/Yerevan', 0, 97);
INSERT INTO cities (id, slug, name_en, ascii_name, country_code, admin1_code, population, latitude, longitude, timezone_id, is_disambiguated, prerender_priority) VALUES (2063523, 'perth', 'Perth', 'Perth', 'AU', '08', 2059484, -31.9505, 115.8605, 'Australia/Perth', 0, 96);
INSERT INTO cities (id, slug, name_en, ascii_name, country_code, admin1_code, population, latitude, longitude, timezone_id, is_disambiguated, prerender_priority) VALUES (2464470, 'tunis', 'Tunis', 'Tunis', 'TN', NULL, 1056247, 36.8065, 10.1815, 'Africa/Tunis', 0, 95);
INSERT INTO cities (id, slug, name_en, ascii_name, country_code, admin1_code, population, latitude, longitude, timezone_id, is_disambiguated, prerender_priority) VALUES (3492908, 'santo-domingo', 'Santo Domingo', 'Santo Domingo', 'DO', NULL, 1029110, 18.4861, -69.9312, 'America/Santo_Domingo', 0, 94);
INSERT INTO cities (id, slug, name_en, ascii_name, country_code, admin1_code, population, latitude, longitude, timezone_id, is_disambiguated, prerender_priority) VALUES (1176615, 'islamabad', 'Islamabad', 'Islamabad', 'PK', NULL, 1015000, 33.6844, 73.0479, 'Asia/Karachi', 0, 93);
INSERT INTO cities (id, slug, name_en, ascii_name, country_code, admin1_code, population, latitude, longitude, timezone_id, is_disambiguated, prerender_priority) VALUES (6094817, 'ottawa', 'Ottawa', 'Ottawa', 'CA', '08', 994837, 45.4215, -75.6972, 'America/Toronto', 0, 92);
INSERT INTO cities (id, slug, name_en, ascii_name, country_code, admin1_code, population, latitude, longitude, timezone_id, is_disambiguated, prerender_priority) VALUES (2673730, 'stockholm', 'Stockholm', 'Stockholm', 'SE', NULL, 975904, 59.3293, 18.0686, 'Europe/Stockholm', 0, 91);
INSERT INTO cities (id, slug, name_en, ascii_name, country_code, admin1_code, population, latitude, longitude, timezone_id, is_disambiguated, prerender_priority) VALUES (2128295, 'sapporo', 'Sapporo', 'Sapporo', 'JP', NULL, 1959750, 43.0618, 141.3545, 'Asia/Tokyo', 0, 90);
INSERT INTO cities (id, slug, name_en, ascii_name, country_code, admin1_code, population, latitude, longitude, timezone_id, is_disambiguated, prerender_priority) VALUES (1651944, 'vientiane', 'Vientiane', 'Vientiane', 'LA', NULL, 950000, 17.9757, 102.6331, 'Asia/Vientiane', 0, 89);
INSERT INTO cities (id, slug, name_en, ascii_name, country_code, admin1_code, population, latitude, longitude, timezone_id, is_disambiguated, prerender_priority) VALUES (281184, 'jerusalem', 'Jerusalem', 'Jerusalem', 'IL', NULL, 936425, 31.7683, 35.2137, 'Asia/Jerusalem', 0, 88);
INSERT INTO cities (id, slug, name_en, ascii_name, country_code, admin1_code, population, latitude, longitude, timezone_id, is_disambiguated, prerender_priority) VALUES (1526384, 'almaty', 'Almaty', 'Almaty', 'KZ', NULL, 1916822, 43.2389, 76.8897, 'Asia/Almaty', 0, 87);
INSERT INTO cities (id, slug, name_en, ascii_name, country_code, admin1_code, population, latitude, longitude, timezone_id, is_disambiguated, prerender_priority) VALUES (3703443, 'panama-city', 'Panama City', 'Panama City', 'PA', NULL, 880691, 8.9824, -79.5199, 'America/Panama', 0, 86);
INSERT INTO cities (id, slug, name_en, ascii_name, country_code, admin1_code, population, latitude, longitude, timezone_id, is_disambiguated, prerender_priority) VALUES (2759794, 'amsterdam', 'Amsterdam', 'Amsterdam', 'NL', NULL, 872680, 52.3676, 4.9041, 'Europe/Amsterdam', 0, 85);
INSERT INTO cities (id, slug, name_en, ascii_name, country_code, admin1_code, population, latitude, longitude, timezone_id, is_disambiguated, prerender_priority) VALUES (2911298, 'hamburg', 'Hamburg', 'Hamburg', 'DE', NULL, 1841000, 53.5511, 9.9937, 'Europe/Berlin', 0, 84);
INSERT INTO cities (id, slug, name_en, ascii_name, country_code, admin1_code, population, latitude, longitude, timezone_id, is_disambiguated, prerender_priority) VALUES (3911925, 'la-paz', 'La Paz', 'La Paz', 'BO', NULL, 815000, -16.4897, -68.1193, 'America/La_Paz', 0, 83);
INSERT INTO cities (id, slug, name_en, ascii_name, country_code, admin1_code, population, latitude, longitude, timezone_id, is_disambiguated, prerender_priority) VALUES (3186886, 'zagreb', 'Zagreb', 'Zagreb', 'HR', NULL, 790000, 45.815, 15.9819, 'Europe/Zagreb', 0, 82);
INSERT INTO cities (id, slug, name_en, ascii_name, country_code, admin1_code, population, latitude, longitude, timezone_id, is_disambiguated, prerender_priority) VALUES (6077243, 'montreal', 'Montreal', 'Montreal', 'CA', '10', 1780000, 45.5017, -73.5673, 'America/Toronto', 0, 81);
INSERT INTO cities (id, slug, name_en, ascii_name, country_code, admin1_code, population, latitude, longitude, timezone_id, is_disambiguated, prerender_priority) VALUES (1248991, 'colombo', 'Colombo', 'Colombo', 'LK', NULL, 752993, 6.9271, 79.8612, 'Asia/Colombo', 0, 80);
INSERT INTO cities (id, slug, name_en, ascii_name, country_code, admin1_code, population, latitude, longitude, timezone_id, is_disambiguated, prerender_priority) VALUES (3143244, 'oslo', 'Oslo', 'Oslo', 'NO', NULL, 697549, 59.9139, 10.7522, 'Europe/Oslo', 0, 79);
INSERT INTO cities (id, slug, name_en, ascii_name, country_code, admin1_code, population, latitude, longitude, timezone_id, is_disambiguated, prerender_priority) VALUES (4140963, 'washington', 'Washington', 'Washington', 'US', 'DC', 689545, 38.9072, -77.0369, 'America/New_York', 0, 78);
INSERT INTO cities (id, slug, name_en, ascii_name, country_code, admin1_code, population, latitude, longitude, timezone_id, is_disambiguated, prerender_priority) VALUES (5308655, 'phoenix', 'Phoenix', 'Phoenix', 'US', 'AZ', 1680992, 33.4484, -112.074, 'America/Phoenix', 0, 77);
INSERT INTO cities (id, slug, name_en, ascii_name, country_code, admin1_code, population, latitude, longitude, timezone_id, is_disambiguated, prerender_priority) VALUES (264371, 'athens', 'Athens', 'Athens', 'GR', NULL, 664046, 37.9838, 23.7275, 'Europe/Athens', 0, 76);
INSERT INTO cities (id, slug, name_en, ascii_name, country_code, admin1_code, population, latitude, longitude, timezone_id, is_disambiguated, prerender_priority) VALUES (2618425, 'copenhagen', 'Copenhagen', 'Copenhagen', 'DK', NULL, 660193, 55.6761, 12.5683, 'Europe/Copenhagen', 0, 75);
INSERT INTO cities (id, slug, name_en, ascii_name, country_code, admin1_code, population, latitude, longitude, timezone_id, is_disambiguated, prerender_priority) VALUES (2193733, 'auckland', 'Auckland', 'Auckland', 'NZ', NULL, 1657000, -36.8485, 174.7633, 'Pacific/Auckland', 0, 74);
INSERT INTO cities (id, slug, name_en, ascii_name, country_code, admin1_code, population, latitude, longitude, timezone_id, is_disambiguated, prerender_priority) VALUES (658225, 'helsinki', 'Helsinki', 'Helsinki', 'FI', NULL, 656229, 60.1699, 24.9384, 'Europe/Helsinki', 0, 73);
INSERT INTO cities (id, slug, name_en, ascii_name, country_code, admin1_code, population, latitude, longitude, timezone_id, is_disambiguated, prerender_priority) VALUES (3128760, 'barcelona', 'Barcelona', 'Barcelona', 'ES', NULL, 1620343, 41.3851, 2.1734, 'Europe/Madrid', 0, 72);
INSERT INTO cities (id, slug, name_en, ascii_name, country_code, admin1_code, population, latitude, longitude, timezone_id, is_disambiguated, prerender_priority) VALUES (456172, 'riga', 'Riga', 'Riga', 'LV', NULL, 615000, 56.9496, 24.1052, 'Europe/Riga', 0, 71);
INSERT INTO cities (id, slug, name_en, ascii_name, country_code, admin1_code, population, latitude, longitude, timezone_id, is_disambiguated, prerender_priority) VALUES (1496747, 'novosibirsk', 'Novosibirsk', 'Novosibirsk', 'RU', NULL, 1612833, 55.0084, 82.9357, 'Asia/Novosibirsk', 0, 70);
INSERT INTO cities (id, slug, name_en, ascii_name, country_code, admin1_code, population, latitude, longitude, timezone_id, is_disambiguated, prerender_priority) VALUES (290340, 'manama', 'Manama', 'Manama', 'BH', NULL, 600000, 26.2285, 50.586, 'Asia/Bahrain', 0, 69);
INSERT INTO cities (id, slug, name_en, ascii_name, country_code, admin1_code, population, latitude, longitude, timezone_id, is_disambiguated, prerender_priority) VALUES (4560349, 'philadelphia', 'Philadelphia', 'Philadelphia', 'US', 'PA', 1584064, 39.9526, -75.1652, 'America/New_York', 0, 68);
INSERT INTO cities (id, slug, name_en, ascii_name, country_code, admin1_code, population, latitude, longitude, timezone_id, is_disambiguated, prerender_priority) VALUES (1863967, 'fukuoka', 'Fukuoka', 'Fukuoka', 'JP', NULL, 1581527, 33.5904, 130.4017, 'Asia/Tokyo', 0, 67);
INSERT INTO cities (id, slug, name_en, ascii_name, country_code, admin1_code, population, latitude, longitude, timezone_id, is_disambiguated, prerender_priority) VALUES (593116, 'vilnius', 'Vilnius', 'Vilnius', 'LT', NULL, 580020, 54.6872, 25.2797, 'Europe/Vilnius', 0, 66);
INSERT INTO cities (id, slug, name_en, ascii_name, country_code, admin1_code, population, latitude, longitude, timezone_id, is_disambiguated, prerender_priority) VALUES (4726206, 'san-antonio', 'San Antonio', 'San Antonio', 'US', 'TX', 1547253, 29.4241, -98.4936, 'America/Chicago', 0, 65);
INSERT INTO cities (id, slug, name_en, ascii_name, country_code, admin1_code, population, latitude, longitude, timezone_id, is_disambiguated, prerender_priority) VALUES (2267057, 'lisbon', 'Lisbon', 'Lisbon', 'PT', NULL, 545796, 38.7223, -9.1393, 'Europe/Lisbon', 0, 64);
INSERT INTO cities (id, slug, name_en, ascii_name, country_code, admin1_code, population, latitude, longitude, timezone_id, is_disambiguated, prerender_priority) VALUES (785842, 'skopje', 'Skopje', 'Skopje', 'MK', NULL, 540000, 41.9981, 21.4254, 'Europe/Skopje', 0, 63);
INSERT INTO cities (id, slug, name_en, ascii_name, country_code, admin1_code, population, latitude, longitude, timezone_id, is_disambiguated, prerender_priority) VALUES (618426, 'chisinau', 'Chișinău', 'Chisinau', 'MD', NULL, 532500, 47.0105, 28.8638, 'Europe/Chisinau', 0, 62);
INSERT INTO cities (id, slug, name_en, ascii_name, country_code, admin1_code, population, latitude, longitude, timezone_id, is_disambiguated, prerender_priority) VALUES (3439389, 'asuncion', 'Asunción', 'Asuncion', 'PY', NULL, 525000, -25.2637, -57.5759, 'America/Asuncion', 0, 61);
INSERT INTO cities (id, slug, name_en, ascii_name, country_code, admin1_code, population, latitude, longitude, timezone_id, is_disambiguated, prerender_priority) VALUES (4005539, 'guadalajara', 'Guadalajara', 'Guadalajara', 'MX', NULL, 1495182, 20.6597, -103.3496, 'America/Mexico_City', 0, 60);
INSERT INTO cities (id, slug, name_en, ascii_name, country_code, admin1_code, population, latitude, longitude, timezone_id, is_disambiguated, prerender_priority) VALUES (2867714, 'munich', 'Munich', 'Munich', 'DE', NULL, 1488202, 48.1351, 11.582, 'Europe/Berlin', 0, 59);
INSERT INTO cities (id, slug, name_en, ascii_name, country_code, admin1_code, population, latitude, longitude, timezone_id, is_disambiguated, prerender_priority) VALUES (1486209, 'yekaterinburg', 'Yekaterinburg', 'Yekaterinburg', 'RU', NULL, 1483119, 56.8389, 60.6057, 'Asia/Yekaterinburg', 0, 58);
INSERT INTO cities (id, slug, name_en, ascii_name, country_code, admin1_code, population, latitude, longitude, timezone_id, is_disambiguated, prerender_priority) VALUES (1857910, 'kyoto', 'Kyoto', 'Kyoto', 'JP', NULL, 1463723, 35.0116, 135.7681, 'Asia/Tokyo', 0, 57);
INSERT INTO cities (id, slug, name_en, ascii_name, country_code, admin1_code, population, latitude, longitude, timezone_id, is_disambiguated, prerender_priority) VALUES (2172517, 'canberra', 'Canberra', 'Canberra', 'AU', '01', 462213, -35.2809, 149.13, 'Australia/Sydney', 0, 56);
INSERT INTO cities (id, slug, name_en, ascii_name, country_code, admin1_code, population, latitude, longitude, timezone_id, is_disambiguated, prerender_priority) VALUES (3183875, 'tirana', 'Tirana', 'Tirana', 'AL', NULL, 460000, 41.3275, 19.8189, 'Europe/Tirane', 0, 55);
INSERT INTO cities (id, slug, name_en, ascii_name, country_code, admin1_code, population, latitude, longitude, timezone_id, is_disambiguated, prerender_priority) VALUES (3060972, 'bratislava', 'Bratislava', 'Bratislava', 'SK', NULL, 437726, 48.1486, 17.1077, 'Europe/Bratislava', 0, 54);
INSERT INTO cities (id, slug, name_en, ascii_name, country_code, admin1_code, population, latitude, longitude, timezone_id, is_disambiguated, prerender_priority) VALUES (588409, 'tallinn', 'Tallinn', 'Tallinn', 'EE', NULL, 437619, 59.437, 24.7536, 'Europe/Tallinn', 0, 53);
INSERT INTO cities (id, slug, name_en, ascii_name, country_code, admin1_code, population, latitude, longitude, timezone_id, is_disambiguated, prerender_priority) VALUES (5391811, 'san-diego', 'San Diego', 'San Diego', 'US', 'CA', 1423851, 32.7157, -117.1611, 'America/Los_Angeles', 0, 52);
INSERT INTO cities (id, slug, name_en, ascii_name, country_code, admin1_code, population, latitude, longitude, timezone_id, is_disambiguated, prerender_priority) VALUES (2078025, 'adelaide', 'Adelaide', 'Adelaide', 'AU', '05', 1402000, -34.9285, 138.6007, 'Australia/Adelaide', 0, 51);
INSERT INTO cities (id, slug, name_en, ascii_name, country_code, admin1_code, population, latitude, longitude, timezone_id, is_disambiguated, prerender_priority) VALUES (3173435, 'milan', 'Milan', 'Milan', 'IT', NULL, 1396059, 45.4642, 9.19, 'Europe/Rome', 0, 50);
INSERT INTO cities (id, slug, name_en, ascii_name, country_code, admin1_code, population, latitude, longitude, timezone_id, is_disambiguated, prerender_priority) VALUES (2088122, 'port-moresby', 'Port Moresby', 'Port Moresby', 'PG', NULL, 384000, -9.4438, 147.1803, 'Pacific/Port_Moresby', 0, 49);
INSERT INTO cities (id, slug, name_en, ascii_name, country_code, admin1_code, population, latitude, longitude, timezone_id, is_disambiguated, prerender_priority) VALUES (4684888, 'dallas', 'Dallas', 'Dallas', 'US', 'TX', 1343573, 32.7767, -96.797, 'America/Chicago', 0, 48);
INSERT INTO cities (id, slug, name_en, ascii_name, country_code, admin1_code, population, latitude, longitude, timezone_id, is_disambiguated, prerender_priority) VALUES (3621849, 'san-jose-cr', 'San José', 'San Jose CR', 'CR', NULL, 339581, 9.9281, -84.0907, 'America/Costa_Rica', 0, 47);
INSERT INTO cities (id, slug, name_en, ascii_name, country_code, admin1_code, population, latitude, longitude, timezone_id, is_disambiguated, prerender_priority) VALUES (4568127, 'san-juan', 'San Juan', 'San Juan', 'PR', NULL, 318441, 18.4655, -66.1057, 'America/Puerto_Rico', 0, 46);
INSERT INTO cities (id, slug, name_en, ascii_name, country_code, admin1_code, population, latitude, longitude, timezone_id, is_disambiguated, prerender_priority) VALUES (3196359, 'ljubljana', 'Ljubljana', 'Ljubljana', 'SI', NULL, 295504, 46.0569, 14.5058, 'Europe/Ljubljana', 0, 45);
INSERT INTO cities (id, slug, name_en, ascii_name, country_code, admin1_code, population, latitude, longitude, timezone_id, is_disambiguated, prerender_priority) VALUES (3191281, 'sarajevo', 'Sarajevo', 'Sarajevo', 'BA', NULL, 275000, 43.8563, 18.4131, 'Europe/Sarajevo', 0, 44);
INSERT INTO cities (id, slug, name_en, ascii_name, country_code, admin1_code, population, latitude, longitude, timezone_id, is_disambiguated, prerender_priority) VALUES (1261481, 'new-delhi', 'New Delhi', 'New Delhi', 'IN', '07', 257803, 28.6139, 77.209, 'Asia/Kolkata', 0, 43);
INSERT INTO cities (id, slug, name_en, ascii_name, country_code, admin1_code, population, latitude, longitude, timezone_id, is_disambiguated, prerender_priority) VALUES (5913490, 'calgary', 'Calgary', 'Calgary', 'CA', '01', 1239220, 51.0447, -114.0719, 'America/Edmonton', 0, 42);
INSERT INTO cities (id, slug, name_en, ascii_name, country_code, admin1_code, population, latitude, longitude, timezone_id, is_disambiguated, prerender_priority) VALUES (2179537, 'wellington', 'Wellington', 'Wellington', 'NZ', NULL, 217000, -41.2865, 174.7762, 'Pacific/Auckland', 0, 41);
INSERT INTO cities (id, slug, name_en, ascii_name, country_code, admin1_code, population, latitude, longitude, timezone_id, is_disambiguated, prerender_priority) VALUES (2655603, 'birmingham', 'Birmingham', 'Birmingham', 'GB', NULL, 1144919, 52.4862, -1.8904, 'Europe/London', 0, 40);
INSERT INTO cities (id, slug, name_en, ascii_name, country_code, admin1_code, population, latitude, longitude, timezone_id, is_disambiguated, prerender_priority) VALUES (2661552, 'bern', 'Bern', 'Bern', 'CH', NULL, 144000, 46.948, 7.4474, 'Europe/Zurich', 0, 39);
INSERT INTO cities (id, slug, name_en, ascii_name, country_code, admin1_code, population, latitude, longitude, timezone_id, is_disambiguated, prerender_priority) VALUES (3995465, 'monterrey', 'Monterrey', 'Monterrey', 'MX', NULL, 1135512, 25.6866, -100.3161, 'America/Monterrey', 0, 38);
INSERT INTO cities (id, slug, name_en, ascii_name, country_code, admin1_code, population, latitude, longitude, timezone_id, is_disambiguated, prerender_priority) VALUES (3413829, 'reykjavik', 'Reykjavik', 'Reykjavik', 'IS', NULL, 131136, 64.1466, -21.9426, 'Atlantic/Reykjavik', 0, 37);
INSERT INTO cities (id, slug, name_en, ascii_name, country_code, admin1_code, population, latitude, longitude, timezone_id, is_disambiguated, prerender_priority) VALUES (2960316, 'luxembourg', 'Luxembourg', 'Luxembourg', 'LU', NULL, 122273, 49.6116, 6.1319, 'Europe/Luxembourg', 0, 36);
INSERT INTO cities (id, slug, name_en, ascii_name, country_code, admin1_code, population, latitude, longitude, timezone_id, is_disambiguated, prerender_priority) VALUES (2198148, 'suva', 'Suva', 'Suva', 'FJ', NULL, 88271, -18.1416, 178.4419, 'Pacific/Fiji', 0, 35);
INSERT INTO cities (id, slug, name_en, ascii_name, country_code, admin1_code, population, latitude, longitude, timezone_id, is_disambiguated, prerender_priority) VALUES (2886242, 'cologne', 'Cologne', 'Cologne', 'DE', NULL, 1085664, 50.9375, 6.9603, 'Europe/Berlin', 0, 34);
INSERT INTO cities (id, slug, name_en, ascii_name, country_code, admin1_code, population, latitude, longitude, timezone_id, is_disambiguated, prerender_priority) VALUES (5392171, 'san-jose', 'San Jose', 'San Jose', 'US', 'CA', 1021795, 37.3382, -121.8863, 'America/Los_Angeles', 0, 33);
INSERT INTO cities (id, slug, name_en, ascii_name, country_code, admin1_code, population, latitude, longitude, timezone_id, is_disambiguated, prerender_priority) VALUES (4671654, 'austin', 'Austin', 'Austin', 'US', 'TX', 978908, 30.2672, -97.7431, 'America/Chicago', 0, 32);
INSERT INTO cities (id, slug, name_en, ascii_name, country_code, admin1_code, population, latitude, longitude, timezone_id, is_disambiguated, prerender_priority) VALUES (3172394, 'naples', 'Naples', 'Naples', 'IT', NULL, 967069, 40.8518, 14.2681, 'Europe/Rome', 0, 31);
INSERT INTO cities (id, slug, name_en, ascii_name, country_code, admin1_code, population, latitude, longitude, timezone_id, is_disambiguated, prerender_priority) VALUES (5391959, 'san-francisco', 'San Francisco', 'San Francisco', 'US', 'CA', 873965, 37.7749, -122.4194, 'America/Los_Angeles', 0, 30);
INSERT INTO cities (id, slug, name_en, ascii_name, country_code, admin1_code, population, latitude, longitude, timezone_id, is_disambiguated, prerender_priority) VALUES (2995469, 'marseille', 'Marseille', 'Marseille', 'FR', NULL, 870731, 43.2965, 5.3698, 'Europe/Paris', 0, 29);
INSERT INTO cities (id, slug, name_en, ascii_name, country_code, admin1_code, population, latitude, longitude, timezone_id, is_disambiguated, prerender_priority) VALUES (2925533, 'frankfurt', 'Frankfurt', 'Frankfurt', 'DE', NULL, 763380, 50.1109, 8.6821, 'Europe/Berlin', 0, 28);
INSERT INTO cities (id, slug, name_en, ascii_name, country_code, admin1_code, population, latitude, longitude, timezone_id, is_disambiguated, prerender_priority) VALUES (5809844, 'seattle', 'Seattle', 'Seattle', 'US', 'WA', 753675, 47.6062, -122.3321, 'America/Los_Angeles', 0, 27);
INSERT INTO cities (id, slug, name_en, ascii_name, country_code, admin1_code, population, latitude, longitude, timezone_id, is_disambiguated, prerender_priority) VALUES (5419384, 'denver', 'Denver', 'Denver', 'US', 'CO', 727211, 39.7392, -104.9903, 'America/Denver', 0, 26);
INSERT INTO cities (id, slug, name_en, ascii_name, country_code, admin1_code, population, latitude, longitude, timezone_id, is_disambiguated, prerender_priority) VALUES (4930956, 'boston', 'Boston', 'Boston', 'US', 'MA', 692600, 42.3601, -71.0589, 'America/New_York', 0, 25);
INSERT INTO cities (id, slug, name_en, ascii_name, country_code, admin1_code, population, latitude, longitude, timezone_id, is_disambiguated, prerender_priority) VALUES (1821274, 'macau', 'Macau', 'Macau', 'MO', NULL, 680000, 22.1987, 113.5439, 'Asia/Macau', 0, 24);
INSERT INTO cities (id, slug, name_en, ascii_name, country_code, admin1_code, population, latitude, longitude, timezone_id, is_disambiguated, prerender_priority) VALUES (4990729, 'detroit', 'Detroit', 'Detroit', 'US', 'MI', 670031, 42.3314, -83.0458, 'America/Detroit', 0, 23);
INSERT INTO cities (id, slug, name_en, ascii_name, country_code, admin1_code, population, latitude, longitude, timezone_id, is_disambiguated, prerender_priority) VALUES (2747891, 'rotterdam', 'Rotterdam', 'Rotterdam', 'NL', NULL, 651446, 51.9244, 4.4777, 'Europe/Amsterdam', 0, 22);
INSERT INTO cities (id, slug, name_en, ascii_name, country_code, admin1_code, population, latitude, longitude, timezone_id, is_disambiguated, prerender_priority) VALUES (5506956, 'las-vegas', 'Las Vegas', 'Las Vegas', 'US', 'NV', 651319, 36.1699, -115.1398, 'America/Los_Angeles', 0, 21);
INSERT INTO cities (id, slug, name_en, ascii_name, country_code, admin1_code, population, latitude, longitude, timezone_id, is_disambiguated, prerender_priority) VALUES (2825297, 'stuttgart', 'Stuttgart', 'Stuttgart', 'DE', NULL, 634830, 48.7758, 9.1829, 'Europe/Berlin', 0, 20);
INSERT INTO cities (id, slug, name_en, ascii_name, country_code, admin1_code, population, latitude, longitude, timezone_id, is_disambiguated, prerender_priority) VALUES (6173331, 'vancouver', 'Vancouver', 'Vancouver', 'CA', '02', 631486, 49.2827, -123.1207, 'America/Vancouver', 0, 19);
INSERT INTO cities (id, slug, name_en, ascii_name, country_code, admin1_code, population, latitude, longitude, timezone_id, is_disambiguated, prerender_priority) VALUES (2934246, 'dusseldorf', 'Düsseldorf', 'Dusseldorf', 'DE', NULL, 619294, 51.2277, 6.7735, 'Europe/Berlin', 0, 18);
INSERT INTO cities (id, slug, name_en, ascii_name, country_code, admin1_code, population, latitude, longitude, timezone_id, is_disambiguated, prerender_priority) VALUES (2013348, 'vladivostok', 'Vladivostok', 'Vladivostok', 'RU', NULL, 605049, 43.1056, 131.8735, 'Asia/Vladivostok', 0, 17);
INSERT INTO cities (id, slug, name_en, ascii_name, country_code, admin1_code, population, latitude, longitude, timezone_id, is_disambiguated, prerender_priority) VALUES (2648579, 'glasgow', 'Glasgow', 'Glasgow', 'GB', NULL, 593245, 55.8642, -4.2518, 'Europe/London', 0, 16);
INSERT INTO cities (id, slug, name_en, ascii_name, country_code, admin1_code, population, latitude, longitude, timezone_id, is_disambiguated, prerender_priority) VALUES (2643123, 'manchester', 'Manchester', 'Manchester', 'GB', NULL, 547627, 53.4808, -2.2426, 'Europe/London', 0, 15);
INSERT INTO cities (id, slug, name_en, ascii_name, country_code, admin1_code, population, latitude, longitude, timezone_id, is_disambiguated, prerender_priority) VALUES (2803138, 'antwerp', 'Antwerp', 'Antwerp', 'BE', NULL, 529247, 51.2194, 4.4025, 'Europe/Brussels', 0, 14);
INSERT INTO cities (id, slug, name_en, ascii_name, country_code, admin1_code, population, latitude, longitude, timezone_id, is_disambiguated, prerender_priority) VALUES (2996944, 'lyon', 'Lyon', 'Lyon', 'FR', NULL, 522250, 45.764, 4.8357, 'Europe/Paris', 0, 13);
INSERT INTO cities (id, slug, name_en, ascii_name, country_code, admin1_code, population, latitude, longitude, timezone_id, is_disambiguated, prerender_priority) VALUES (4180439, 'atlanta', 'Atlanta', 'Atlanta', 'US', 'GA', 498715, 33.749, -84.388, 'America/New_York', 0, 12);
INSERT INTO cities (id, slug, name_en, ascii_name, country_code, admin1_code, population, latitude, longitude, timezone_id, is_disambiguated, prerender_priority) VALUES (2650225, 'edinburgh', 'Edinburgh', 'Edinburgh', 'GB', NULL, 488050, 55.9533, -3.1883, 'Europe/London', 0, 11);
INSERT INTO cities (id, slug, name_en, ascii_name, country_code, admin1_code, population, latitude, longitude, timezone_id, is_disambiguated, prerender_priority) VALUES (293397, 'tel-aviv', 'Tel Aviv', 'Tel Aviv', 'IL', NULL, 460613, 32.0853, 34.7818, 'Asia/Jerusalem', 0, 10);
INSERT INTO cities (id, slug, name_en, ascii_name, country_code, admin1_code, population, latitude, longitude, timezone_id, is_disambiguated, prerender_priority) VALUES (4164138, 'miami', 'Miami', 'Miami', 'US', 'FL', 442241, 25.7617, -80.1918, 'America/New_York', 0, 9);
INSERT INTO cities (id, slug, name_en, ascii_name, country_code, admin1_code, population, latitude, longitude, timezone_id, is_disambiguated, prerender_priority) VALUES (5037649, 'minneapolis', 'Minneapolis', 'Minneapolis', 'US', 'MN', 429606, 44.9778, -93.265, 'America/Chicago', 0, 8);
INSERT INTO cities (id, slug, name_en, ascii_name, country_code, admin1_code, population, latitude, longitude, timezone_id, is_disambiguated, prerender_priority) VALUES (2657896, 'zurich', 'Zurich', 'Zurich', 'CH', NULL, 415367, 47.3769, 8.5417, 'Europe/Zurich', 0, 7);
INSERT INTO cities (id, slug, name_en, ascii_name, country_code, admin1_code, population, latitude, longitude, timezone_id, is_disambiguated, prerender_priority) VALUES (4335045, 'new-orleans', 'New Orleans', 'New Orleans', 'US', 'LA', 383997, 29.9511, -90.0715, 'America/Chicago', 0, 6);
INSERT INTO cities (id, slug, name_en, ascii_name, country_code, admin1_code, population, latitude, longitude, timezone_id, is_disambiguated, prerender_priority) VALUES (2192362, 'christchurch', 'Christchurch', 'Christchurch', 'NZ', NULL, 380900, -43.5321, 172.6362, 'Pacific/Auckland', 0, 5);
INSERT INTO cities (id, slug, name_en, ascii_name, country_code, admin1_code, population, latitude, longitude, timezone_id, is_disambiguated, prerender_priority) VALUES (5856195, 'honolulu', 'Honolulu', 'Honolulu', 'US', 'HI', 350395, 21.3099, -157.8581, 'Pacific/Honolulu', 0, 4);
INSERT INTO cities (id, slug, name_en, ascii_name, country_code, admin1_code, population, latitude, longitude, timezone_id, is_disambiguated, prerender_priority) VALUES (5879400, 'anchorage', 'Anchorage', 'Anchorage', 'US', 'AK', 291538, 61.2181, -149.9003, 'America/Anchorage', 0, 3);
INSERT INTO cities (id, slug, name_en, ascii_name, country_code, admin1_code, population, latitude, longitude, timezone_id, is_disambiguated, prerender_priority) VALUES (2735943, 'porto', 'Porto', 'Porto', 'PT', NULL, 237591, 41.1579, -8.6291, 'Europe/Lisbon', 0, 2);
INSERT INTO cities (id, slug, name_en, ascii_name, country_code, admin1_code, population, latitude, longitude, timezone_id, is_disambiguated, prerender_priority) VALUES (2660646, 'geneva', 'Geneva', 'Geneva', 'CH', NULL, 198072, 46.2044, 6.1432, 'Europe/Zurich', 0, 1);

-- City translations --------------------------------------------------
INSERT INTO city_translations (city_id, lang, name) VALUES (1850147, 'es', 'Tokio');
INSERT INTO city_translations (city_id, lang, name) VALUES (1850147, 'pt', 'Tóquio');
INSERT INTO city_translations (city_id, lang, name) VALUES (1850147, 'de', 'Tokio');
INSERT INTO city_translations (city_id, lang, name) VALUES (1850147, 'nl', 'Tokio');
INSERT INTO city_translations (city_id, lang, name) VALUES (1850147, 'zh-CN', '东京');
INSERT INTO city_translations (city_id, lang, name) VALUES (1853909, 'zh-CN', '大阪');
INSERT INTO city_translations (city_id, lang, name) VALUES (1848354, 'zh-CN', '横滨');
INSERT INTO city_translations (city_id, lang, name) VALUES (1856057, 'zh-CN', '名古屋');
INSERT INTO city_translations (city_id, lang, name) VALUES (2128295, 'zh-CN', '札幌');
INSERT INTO city_translations (city_id, lang, name) VALUES (1857910, 'es', 'Kioto');
INSERT INTO city_translations (city_id, lang, name) VALUES (1857910, 'pt', 'Quioto');
INSERT INTO city_translations (city_id, lang, name) VALUES (1857910, 'zh-CN', '京都');
INSERT INTO city_translations (city_id, lang, name) VALUES (1863967, 'zh-CN', '福冈');
INSERT INTO city_translations (city_id, lang, name) VALUES (1816670, 'es', 'Pekín');
INSERT INTO city_translations (city_id, lang, name) VALUES (1816670, 'pt', 'Pequim');
INSERT INTO city_translations (city_id, lang, name) VALUES (1816670, 'de', 'Peking');
INSERT INTO city_translations (city_id, lang, name) VALUES (1816670, 'nl', 'Peking');
INSERT INTO city_translations (city_id, lang, name) VALUES (1816670, 'zh-CN', '北京');
INSERT INTO city_translations (city_id, lang, name) VALUES (1796236, 'es', 'Shanghái');
INSERT INTO city_translations (city_id, lang, name) VALUES (1796236, 'zh-CN', '上海');
INSERT INTO city_translations (city_id, lang, name) VALUES (1809858, 'zh-CN', '广州');
INSERT INTO city_translations (city_id, lang, name) VALUES (1795565, 'zh-CN', '深圳');
INSERT INTO city_translations (city_id, lang, name) VALUES (1792947, 'es', 'Tianjín');
INSERT INTO city_translations (city_id, lang, name) VALUES (1792947, 'zh-CN', '天津');
INSERT INTO city_translations (city_id, lang, name) VALUES (1814906, 'zh-CN', '重庆');
INSERT INTO city_translations (city_id, lang, name) VALUES (1791247, 'zh-CN', '武汉');
INSERT INTO city_translations (city_id, lang, name) VALUES (1815286, 'zh-CN', '成都');
INSERT INTO city_translations (city_id, lang, name) VALUES (1790630, 'zh-CN', '西安');
INSERT INTO city_translations (city_id, lang, name) VALUES (1808926, 'zh-CN', '杭州');
INSERT INTO city_translations (city_id, lang, name) VALUES (1819729, 'de', 'Hongkong');
INSERT INTO city_translations (city_id, lang, name) VALUES (1819729, 'zh-CN', '香港');
INSERT INTO city_translations (city_id, lang, name) VALUES (1821274, 'zh-CN', '澳门');
INSERT INTO city_translations (city_id, lang, name) VALUES (1668341, 'zh-CN', '台北');
INSERT INTO city_translations (city_id, lang, name) VALUES (1835848, 'es', 'Seúl');
INSERT INTO city_translations (city_id, lang, name) VALUES (1835848, 'pt', 'Seul');
INSERT INTO city_translations (city_id, lang, name) VALUES (1835848, 'zh-CN', '首尔');
INSERT INTO city_translations (city_id, lang, name) VALUES (1838524, 'zh-CN', '釜山');
INSERT INTO city_translations (city_id, lang, name) VALUES (1871859, 'es', 'Pyongyang');
INSERT INTO city_translations (city_id, lang, name) VALUES (1871859, 'pt', 'Pyongyang');
INSERT INTO city_translations (city_id, lang, name) VALUES (1871859, 'de', 'Pjöngjang');
INSERT INTO city_translations (city_id, lang, name) VALUES (1871859, 'zh-CN', '平壤');
INSERT INTO city_translations (city_id, lang, name) VALUES (2028462, 'zh-CN', '乌兰巴托');
INSERT INTO city_translations (city_id, lang, name) VALUES (1701668, 'es', 'Manila');
INSERT INTO city_translations (city_id, lang, name) VALUES (1701668, 'zh-CN', '马尼拉');
INSERT INTO city_translations (city_id, lang, name) VALUES (1692193, 'zh-CN', '奎松市');
INSERT INTO city_translations (city_id, lang, name) VALUES (1609350, 'zh-CN', '曼谷');
INSERT INTO city_translations (city_id, lang, name) VALUES (1581130, 'es', 'Hanói');
INSERT INTO city_translations (city_id, lang, name) VALUES (1581130, 'zh-CN', '河内');
INSERT INTO city_translations (city_id, lang, name) VALUES (1566083, 'es', 'Ciudad Ho Chi Minh');
INSERT INTO city_translations (city_id, lang, name) VALUES (1566083, 'pt', 'Cidade de Ho Chi Minh');
INSERT INTO city_translations (city_id, lang, name) VALUES (1566083, 'de', 'Ho-Chi-Minh-Stadt');
INSERT INTO city_translations (city_id, lang, name) VALUES (1566083, 'zh-CN', '胡志明市');
INSERT INTO city_translations (city_id, lang, name) VALUES (1821306, 'es', 'Nom Pen');
INSERT INTO city_translations (city_id, lang, name) VALUES (1821306, 'pt', 'Phnom Penh');
INSERT INTO city_translations (city_id, lang, name) VALUES (1821306, 'de', 'Phnom Penh');
INSERT INTO city_translations (city_id, lang, name) VALUES (1821306, 'zh-CN', '金边');
INSERT INTO city_translations (city_id, lang, name) VALUES (1651944, 'zh-CN', '万象');
INSERT INTO city_translations (city_id, lang, name) VALUES (1298824, 'zh-CN', '仰光');
INSERT INTO city_translations (city_id, lang, name) VALUES (1880252, 'es', 'Singapur');
INSERT INTO city_translations (city_id, lang, name) VALUES (1880252, 'pt', 'Singapura');
INSERT INTO city_translations (city_id, lang, name) VALUES (1880252, 'de', 'Singapur');
INSERT INTO city_translations (city_id, lang, name) VALUES (1880252, 'zh-CN', '新加坡');
INSERT INTO city_translations (city_id, lang, name) VALUES (1733046, 'zh-CN', '吉隆坡');
INSERT INTO city_translations (city_id, lang, name) VALUES (1642911, 'es', 'Yakarta');
INSERT INTO city_translations (city_id, lang, name) VALUES (1642911, 'pt', 'Jacarta');
INSERT INTO city_translations (city_id, lang, name) VALUES (1642911, 'de', 'Jakarta');
INSERT INTO city_translations (city_id, lang, name) VALUES (1642911, 'zh-CN', '雅加达');
INSERT INTO city_translations (city_id, lang, name) VALUES (1625822, 'zh-CN', '泗水');
INSERT INTO city_translations (city_id, lang, name) VALUES (1273294, 'zh-CN', '德里');
INSERT INTO city_translations (city_id, lang, name) VALUES (1261481, 'es', 'Nueva Delhi');
INSERT INTO city_translations (city_id, lang, name) VALUES (1261481, 'pt', 'Nova Déli');
INSERT INTO city_translations (city_id, lang, name) VALUES (1261481, 'de', 'Neu-Delhi');
INSERT INTO city_translations (city_id, lang, name) VALUES (1261481, 'nl', 'New Delhi');
INSERT INTO city_translations (city_id, lang, name) VALUES (1261481, 'zh-CN', '新德里');
INSERT INTO city_translations (city_id, lang, name) VALUES (1275339, 'es', 'Bombay');
INSERT INTO city_translations (city_id, lang, name) VALUES (1275339, 'pt', 'Bombaim');
INSERT INTO city_translations (city_id, lang, name) VALUES (1275339, 'zh-CN', '孟买');
INSERT INTO city_translations (city_id, lang, name) VALUES (1275004, 'es', 'Calcuta');
INSERT INTO city_translations (city_id, lang, name) VALUES (1275004, 'pt', 'Calcutá');
INSERT INTO city_translations (city_id, lang, name) VALUES (1275004, 'de', 'Kalkutta');
INSERT INTO city_translations (city_id, lang, name) VALUES (1275004, 'zh-CN', '加尔各答');
INSERT INTO city_translations (city_id, lang, name) VALUES (1277333, 'zh-CN', '班加罗尔');
INSERT INTO city_translations (city_id, lang, name) VALUES (1264527, 'zh-CN', '金奈');
INSERT INTO city_translations (city_id, lang, name) VALUES (1269843, 'zh-CN', '海得拉巴');
INSERT INTO city_translations (city_id, lang, name) VALUES (1174872, 'zh-CN', '卡拉奇');
INSERT INTO city_translations (city_id, lang, name) VALUES (1172451, 'es', 'Lahore');
INSERT INTO city_translations (city_id, lang, name) VALUES (1172451, 'pt', 'Lahore');
INSERT INTO city_translations (city_id, lang, name) VALUES (1172451, 'zh-CN', '拉合尔');
INSERT INTO city_translations (city_id, lang, name) VALUES (1176615, 'zh-CN', '伊斯兰堡');
INSERT INTO city_translations (city_id, lang, name) VALUES (1185241, 'zh-CN', '达卡');
INSERT INTO city_translations (city_id, lang, name) VALUES (1248991, 'zh-CN', '科伦坡');
INSERT INTO city_translations (city_id, lang, name) VALUES (1283240, 'zh-CN', '加德满都');
INSERT INTO city_translations (city_id, lang, name) VALUES (1138958, 'es', 'Kabul');
INSERT INTO city_translations (city_id, lang, name) VALUES (1138958, 'pt', 'Cabul');
INSERT INTO city_translations (city_id, lang, name) VALUES (1138958, 'zh-CN', '喀布尔');
INSERT INTO city_translations (city_id, lang, name) VALUES (112931, 'es', 'Teherán');
INSERT INTO city_translations (city_id, lang, name) VALUES (112931, 'pt', 'Teerã');
INSERT INTO city_translations (city_id, lang, name) VALUES (112931, 'de', 'Teheran');
INSERT INTO city_translations (city_id, lang, name) VALUES (112931, 'nl', 'Teheran');
INSERT INTO city_translations (city_id, lang, name) VALUES (112931, 'zh-CN', '德黑兰');
INSERT INTO city_translations (city_id, lang, name) VALUES (124665, 'zh-CN', '马什哈德');
INSERT INTO city_translations (city_id, lang, name) VALUES (745044, 'es', 'Estambul');
INSERT INTO city_translations (city_id, lang, name) VALUES (745044, 'pt', 'Istambul');
INSERT INTO city_translations (city_id, lang, name) VALUES (745044, 'zh-CN', '伊斯坦布尔');
INSERT INTO city_translations (city_id, lang, name) VALUES (323786, 'zh-CN', '安卡拉');
INSERT INTO city_translations (city_id, lang, name) VALUES (108410, 'es', 'Riad');
INSERT INTO city_translations (city_id, lang, name) VALUES (108410, 'pt', 'Riade');
INSERT INTO city_translations (city_id, lang, name) VALUES (108410, 'de', 'Riad');
INSERT INTO city_translations (city_id, lang, name) VALUES (108410, 'nl', 'Riyad');
INSERT INTO city_translations (city_id, lang, name) VALUES (108410, 'zh-CN', '利雅得');
INSERT INTO city_translations (city_id, lang, name) VALUES (105343, 'es', 'Yeda');
INSERT INTO city_translations (city_id, lang, name) VALUES (105343, 'pt', 'Jidá');
INSERT INTO city_translations (city_id, lang, name) VALUES (105343, 'de', 'Dschidda');
INSERT INTO city_translations (city_id, lang, name) VALUES (105343, 'zh-CN', '吉达');
INSERT INTO city_translations (city_id, lang, name) VALUES (292223, 'es', 'Dubái');
INSERT INTO city_translations (city_id, lang, name) VALUES (292223, 'zh-CN', '迪拜');
INSERT INTO city_translations (city_id, lang, name) VALUES (292968, 'es', 'Abu Dabi');
INSERT INTO city_translations (city_id, lang, name) VALUES (292968, 'pt', 'Abu Dhabi');
INSERT INTO city_translations (city_id, lang, name) VALUES (292968, 'zh-CN', '阿布扎比');
INSERT INTO city_translations (city_id, lang, name) VALUES (290030, 'es', 'Doha');
INSERT INTO city_translations (city_id, lang, name) VALUES (290030, 'pt', 'Doha');
INSERT INTO city_translations (city_id, lang, name) VALUES (290030, 'de', 'Doha');
INSERT INTO city_translations (city_id, lang, name) VALUES (290030, 'zh-CN', '多哈');
INSERT INTO city_translations (city_id, lang, name) VALUES (285787, 'es', 'Ciudad de Kuwait');
INSERT INTO city_translations (city_id, lang, name) VALUES (285787, 'pt', 'Cidade do Kuwait');
INSERT INTO city_translations (city_id, lang, name) VALUES (285787, 'de', 'Kuwait-Stadt');
INSERT INTO city_translations (city_id, lang, name) VALUES (285787, 'nl', 'Koeweit-Stad');
INSERT INTO city_translations (city_id, lang, name) VALUES (285787, 'zh-CN', '科威特城');
INSERT INTO city_translations (city_id, lang, name) VALUES (287286, 'es', 'Mascate');
INSERT INTO city_translations (city_id, lang, name) VALUES (287286, 'pt', 'Mascate');
INSERT INTO city_translations (city_id, lang, name) VALUES (287286, 'de', 'Maskat');
INSERT INTO city_translations (city_id, lang, name) VALUES (287286, 'zh-CN', '马斯喀特');
INSERT INTO city_translations (city_id, lang, name) VALUES (250441, 'es', 'Amán');
INSERT INTO city_translations (city_id, lang, name) VALUES (250441, 'pt', 'Amã');
INSERT INTO city_translations (city_id, lang, name) VALUES (250441, 'zh-CN', '安曼');
INSERT INTO city_translations (city_id, lang, name) VALUES (276781, 'es', 'Beirut');
INSERT INTO city_translations (city_id, lang, name) VALUES (276781, 'pt', 'Beirute');
INSERT INTO city_translations (city_id, lang, name) VALUES (276781, 'de', 'Beirut');
INSERT INTO city_translations (city_id, lang, name) VALUES (276781, 'zh-CN', '贝鲁特');
INSERT INTO city_translations (city_id, lang, name) VALUES (170654, 'es', 'Damasco');
INSERT INTO city_translations (city_id, lang, name) VALUES (170654, 'pt', 'Damasco');
INSERT INTO city_translations (city_id, lang, name) VALUES (170654, 'de', 'Damaskus');
INSERT INTO city_translations (city_id, lang, name) VALUES (170654, 'zh-CN', '大马士革');
INSERT INTO city_translations (city_id, lang, name) VALUES (98182, 'es', 'Bagdad');
INSERT INTO city_translations (city_id, lang, name) VALUES (98182, 'pt', 'Bagdá');
INSERT INTO city_translations (city_id, lang, name) VALUES (98182, 'de', 'Bagdad');
INSERT INTO city_translations (city_id, lang, name) VALUES (98182, 'nl', 'Bagdad');
INSERT INTO city_translations (city_id, lang, name) VALUES (98182, 'zh-CN', '巴格达');
INSERT INTO city_translations (city_id, lang, name) VALUES (281184, 'es', 'Jerusalén');
INSERT INTO city_translations (city_id, lang, name) VALUES (281184, 'pt', 'Jerusalém');
INSERT INTO city_translations (city_id, lang, name) VALUES (281184, 'de', 'Jerusalem');
INSERT INTO city_translations (city_id, lang, name) VALUES (281184, 'nl', 'Jeruzalem');
INSERT INTO city_translations (city_id, lang, name) VALUES (281184, 'zh-CN', '耶路撒冷');
INSERT INTO city_translations (city_id, lang, name) VALUES (293397, 'es', 'Tel Aviv');
INSERT INTO city_translations (city_id, lang, name) VALUES (293397, 'zh-CN', '特拉维夫');
INSERT INTO city_translations (city_id, lang, name) VALUES (1512569, 'es', 'Tashkent');
INSERT INTO city_translations (city_id, lang, name) VALUES (1512569, 'pt', 'Tashkent');
INSERT INTO city_translations (city_id, lang, name) VALUES (1512569, 'de', 'Taschkent');
INSERT INTO city_translations (city_id, lang, name) VALUES (1512569, 'zh-CN', '塔什干');
INSERT INTO city_translations (city_id, lang, name) VALUES (1526384, 'zh-CN', '阿拉木图');
INSERT INTO city_translations (city_id, lang, name) VALUES (1526273, 'zh-CN', '阿斯塔纳');
INSERT INTO city_translations (city_id, lang, name) VALUES (611717, 'es', 'Tiflis');
INSERT INTO city_translations (city_id, lang, name) VALUES (611717, 'de', 'Tiflis');
INSERT INTO city_translations (city_id, lang, name) VALUES (611717, 'zh-CN', '第比利斯');
INSERT INTO city_translations (city_id, lang, name) VALUES (587084, 'es', 'Bakú');
INSERT INTO city_translations (city_id, lang, name) VALUES (587084, 'pt', 'Baku');
INSERT INTO city_translations (city_id, lang, name) VALUES (587084, 'zh-CN', '巴库');
INSERT INTO city_translations (city_id, lang, name) VALUES (616052, 'es', 'Ereván');
INSERT INTO city_translations (city_id, lang, name) VALUES (616052, 'pt', 'Erevã');
INSERT INTO city_translations (city_id, lang, name) VALUES (616052, 'de', 'Eriwan');
INSERT INTO city_translations (city_id, lang, name) VALUES (616052, 'zh-CN', '埃里温');
INSERT INTO city_translations (city_id, lang, name) VALUES (524901, 'es', 'Moscú');
INSERT INTO city_translations (city_id, lang, name) VALUES (524901, 'pt', 'Moscou');
INSERT INTO city_translations (city_id, lang, name) VALUES (524901, 'de', 'Moskau');
INSERT INTO city_translations (city_id, lang, name) VALUES (524901, 'nl', 'Moskou');
INSERT INTO city_translations (city_id, lang, name) VALUES (524901, 'zh-CN', '莫斯科');
INSERT INTO city_translations (city_id, lang, name) VALUES (498817, 'es', 'San Petersburgo');
INSERT INTO city_translations (city_id, lang, name) VALUES (498817, 'pt', 'São Petersburgo');
INSERT INTO city_translations (city_id, lang, name) VALUES (498817, 'de', 'Sankt Petersburg');
INSERT INTO city_translations (city_id, lang, name) VALUES (498817, 'nl', 'Sint-Petersburg');
INSERT INTO city_translations (city_id, lang, name) VALUES (498817, 'zh-CN', '圣彼得堡');
INSERT INTO city_translations (city_id, lang, name) VALUES (1496747, 'es', 'Novosibirsk');
INSERT INTO city_translations (city_id, lang, name) VALUES (1496747, 'de', 'Nowosibirsk');
INSERT INTO city_translations (city_id, lang, name) VALUES (1496747, 'zh-CN', '新西伯利亚');
INSERT INTO city_translations (city_id, lang, name) VALUES (1486209, 'es', 'Ekaterimburgo');
INSERT INTO city_translations (city_id, lang, name) VALUES (1486209, 'pt', 'Ecaterimburgo');
INSERT INTO city_translations (city_id, lang, name) VALUES (1486209, 'de', 'Jekaterinburg');
INSERT INTO city_translations (city_id, lang, name) VALUES (1486209, 'zh-CN', '叶卡捷琳堡');
INSERT INTO city_translations (city_id, lang, name) VALUES (2013348, 'es', 'Vladivostok');
INSERT INTO city_translations (city_id, lang, name) VALUES (2013348, 'de', 'Wladiwostok');
INSERT INTO city_translations (city_id, lang, name) VALUES (2013348, 'zh-CN', '符拉迪沃斯托克');
INSERT INTO city_translations (city_id, lang, name) VALUES (703448, 'es', 'Kiev');
INSERT INTO city_translations (city_id, lang, name) VALUES (703448, 'pt', 'Kiev');
INSERT INTO city_translations (city_id, lang, name) VALUES (703448, 'de', 'Kiew');
INSERT INTO city_translations (city_id, lang, name) VALUES (703448, 'nl', 'Kiev');
INSERT INTO city_translations (city_id, lang, name) VALUES (703448, 'zh-CN', '基辅');
INSERT INTO city_translations (city_id, lang, name) VALUES (625144, 'es', 'Minsk');
INSERT INTO city_translations (city_id, lang, name) VALUES (625144, 'de', 'Minsk');
INSERT INTO city_translations (city_id, lang, name) VALUES (625144, 'zh-CN', '明斯克');
INSERT INTO city_translations (city_id, lang, name) VALUES (2643743, 'es', 'Londres');
INSERT INTO city_translations (city_id, lang, name) VALUES (2643743, 'pt', 'Londres');
INSERT INTO city_translations (city_id, lang, name) VALUES (2643743, 'nl', 'Londen');
INSERT INTO city_translations (city_id, lang, name) VALUES (2643743, 'zh-CN', '伦敦');
INSERT INTO city_translations (city_id, lang, name) VALUES (2643123, 'zh-CN', '曼彻斯特');
INSERT INTO city_translations (city_id, lang, name) VALUES (2655603, 'zh-CN', '伯明翰');
INSERT INTO city_translations (city_id, lang, name) VALUES (2650225, 'es', 'Edimburgo');
INSERT INTO city_translations (city_id, lang, name) VALUES (2650225, 'pt', 'Edimburgo');
INSERT INTO city_translations (city_id, lang, name) VALUES (2650225, 'zh-CN', '爱丁堡');
INSERT INTO city_translations (city_id, lang, name) VALUES (2648579, 'zh-CN', '格拉斯哥');
INSERT INTO city_translations (city_id, lang, name) VALUES (2964574, 'es', 'Dublín');
INSERT INTO city_translations (city_id, lang, name) VALUES (2964574, 'pt', 'Dublim');
INSERT INTO city_translations (city_id, lang, name) VALUES (2964574, 'de', 'Dublin');
INSERT INTO city_translations (city_id, lang, name) VALUES (2964574, 'zh-CN', '都柏林');
INSERT INTO city_translations (city_id, lang, name) VALUES (2988507, 'nl', 'Parijs');
INSERT INTO city_translations (city_id, lang, name) VALUES (2988507, 'zh-CN', '巴黎');
INSERT INTO city_translations (city_id, lang, name) VALUES (2996944, 'es', 'Lyon');
INSERT INTO city_translations (city_id, lang, name) VALUES (2996944, 'zh-CN', '里昂');
INSERT INTO city_translations (city_id, lang, name) VALUES (2995469, 'es', 'Marsella');
INSERT INTO city_translations (city_id, lang, name) VALUES (2995469, 'pt', 'Marselha');
INSERT INTO city_translations (city_id, lang, name) VALUES (2995469, 'de', 'Marseille');
INSERT INTO city_translations (city_id, lang, name) VALUES (2995469, 'zh-CN', '马赛');
INSERT INTO city_translations (city_id, lang, name) VALUES (3117735, 'zh-CN', '马德里');
INSERT INTO city_translations (city_id, lang, name) VALUES (3128760, 'zh-CN', '巴塞罗那');
INSERT INTO city_translations (city_id, lang, name) VALUES (2267057, 'es', 'Lisboa');
INSERT INTO city_translations (city_id, lang, name) VALUES (2267057, 'de', 'Lissabon');
INSERT INTO city_translations (city_id, lang, name) VALUES (2267057, 'nl', 'Lissabon');
INSERT INTO city_translations (city_id, lang, name) VALUES (2267057, 'zh-CN', '里斯本');
INSERT INTO city_translations (city_id, lang, name) VALUES (2735943, 'es', 'Oporto');
INSERT INTO city_translations (city_id, lang, name) VALUES (2735943, 'pt', 'Porto');
INSERT INTO city_translations (city_id, lang, name) VALUES (2735943, 'zh-CN', '波尔图');
INSERT INTO city_translations (city_id, lang, name) VALUES (3169070, 'es', 'Roma');
INSERT INTO city_translations (city_id, lang, name) VALUES (3169070, 'pt', 'Roma');
INSERT INTO city_translations (city_id, lang, name) VALUES (3169070, 'de', 'Rom');
INSERT INTO city_translations (city_id, lang, name) VALUES (3169070, 'zh-CN', '罗马');
INSERT INTO city_translations (city_id, lang, name) VALUES (3173435, 'es', 'Milán');
INSERT INTO city_translations (city_id, lang, name) VALUES (3173435, 'pt', 'Milão');
INSERT INTO city_translations (city_id, lang, name) VALUES (3173435, 'de', 'Mailand');
INSERT INTO city_translations (city_id, lang, name) VALUES (3173435, 'nl', 'Milaan');
INSERT INTO city_translations (city_id, lang, name) VALUES (3173435, 'zh-CN', '米兰');
INSERT INTO city_translations (city_id, lang, name) VALUES (3172394, 'es', 'Nápoles');
INSERT INTO city_translations (city_id, lang, name) VALUES (3172394, 'pt', 'Nápoles');
INSERT INTO city_translations (city_id, lang, name) VALUES (3172394, 'de', 'Neapel');
INSERT INTO city_translations (city_id, lang, name) VALUES (3172394, 'nl', 'Napels');
INSERT INTO city_translations (city_id, lang, name) VALUES (3172394, 'zh-CN', '那不勒斯');
INSERT INTO city_translations (city_id, lang, name) VALUES (2950159, 'es', 'Berlín');
INSERT INTO city_translations (city_id, lang, name) VALUES (2950159, 'pt', 'Berlim');
INSERT INTO city_translations (city_id, lang, name) VALUES (2950159, 'zh-CN', '柏林');
INSERT INTO city_translations (city_id, lang, name) VALUES (2911298, 'zh-CN', '汉堡');
INSERT INTO city_translations (city_id, lang, name) VALUES (2867714, 'es', 'Múnich');
INSERT INTO city_translations (city_id, lang, name) VALUES (2867714, 'pt', 'Munique');
INSERT INTO city_translations (city_id, lang, name) VALUES (2867714, 'de', 'München');
INSERT INTO city_translations (city_id, lang, name) VALUES (2867714, 'nl', 'München');
INSERT INTO city_translations (city_id, lang, name) VALUES (2867714, 'zh-CN', '慕尼黑');
INSERT INTO city_translations (city_id, lang, name) VALUES (2925533, 'zh-CN', '法兰克福');
INSERT INTO city_translations (city_id, lang, name) VALUES (2886242, 'es', 'Colonia');
INSERT INTO city_translations (city_id, lang, name) VALUES (2886242, 'pt', 'Colônia');
INSERT INTO city_translations (city_id, lang, name) VALUES (2886242, 'de', 'Köln');
INSERT INTO city_translations (city_id, lang, name) VALUES (2886242, 'nl', 'Keulen');
INSERT INTO city_translations (city_id, lang, name) VALUES (2886242, 'zh-CN', '科隆');
INSERT INTO city_translations (city_id, lang, name) VALUES (2825297, 'es', 'Stuttgart');
INSERT INTO city_translations (city_id, lang, name) VALUES (2825297, 'zh-CN', '斯图加特');
INSERT INTO city_translations (city_id, lang, name) VALUES (2934246, 'de', 'Düsseldorf');
INSERT INTO city_translations (city_id, lang, name) VALUES (2934246, 'zh-CN', '杜塞尔多夫');
INSERT INTO city_translations (city_id, lang, name) VALUES (2761369, 'es', 'Viena');
INSERT INTO city_translations (city_id, lang, name) VALUES (2761369, 'pt', 'Viena');
INSERT INTO city_translations (city_id, lang, name) VALUES (2761369, 'de', 'Wien');
INSERT INTO city_translations (city_id, lang, name) VALUES (2761369, 'nl', 'Wenen');
INSERT INTO city_translations (city_id, lang, name) VALUES (2761369, 'zh-CN', '维也纳');
INSERT INTO city_translations (city_id, lang, name) VALUES (2661552, 'de', 'Bern');
INSERT INTO city_translations (city_id, lang, name) VALUES (2661552, 'zh-CN', '伯尔尼');
INSERT INTO city_translations (city_id, lang, name) VALUES (2660646, 'es', 'Ginebra');
INSERT INTO city_translations (city_id, lang, name) VALUES (2660646, 'pt', 'Genebra');
INSERT INTO city_translations (city_id, lang, name) VALUES (2660646, 'de', 'Genf');
INSERT INTO city_translations (city_id, lang, name) VALUES (2660646, 'nl', 'Genève');
INSERT INTO city_translations (city_id, lang, name) VALUES (2660646, 'zh-CN', '日内瓦');
INSERT INTO city_translations (city_id, lang, name) VALUES (2657896, 'es', 'Zúrich');
INSERT INTO city_translations (city_id, lang, name) VALUES (2657896, 'pt', 'Zurique');
INSERT INTO city_translations (city_id, lang, name) VALUES (2657896, 'de', 'Zürich');
INSERT INTO city_translations (city_id, lang, name) VALUES (2657896, 'nl', 'Zürich');
INSERT INTO city_translations (city_id, lang, name) VALUES (2657896, 'zh-CN', '苏黎世');
INSERT INTO city_translations (city_id, lang, name) VALUES (2800866, 'es', 'Bruselas');
INSERT INTO city_translations (city_id, lang, name) VALUES (2800866, 'pt', 'Bruxelas');
INSERT INTO city_translations (city_id, lang, name) VALUES (2800866, 'de', 'Brüssel');
INSERT INTO city_translations (city_id, lang, name) VALUES (2800866, 'nl', 'Brussel');
INSERT INTO city_translations (city_id, lang, name) VALUES (2800866, 'zh-CN', '布鲁塞尔');
INSERT INTO city_translations (city_id, lang, name) VALUES (2803138, 'es', 'Amberes');
INSERT INTO city_translations (city_id, lang, name) VALUES (2803138, 'pt', 'Antuérpia');
INSERT INTO city_translations (city_id, lang, name) VALUES (2803138, 'de', 'Antwerpen');
INSERT INTO city_translations (city_id, lang, name) VALUES (2803138, 'nl', 'Antwerpen');
INSERT INTO city_translations (city_id, lang, name) VALUES (2803138, 'zh-CN', '安特卫普');
INSERT INTO city_translations (city_id, lang, name) VALUES (2759794, 'es', 'Ámsterdam');
INSERT INTO city_translations (city_id, lang, name) VALUES (2759794, 'zh-CN', '阿姆斯特丹');
INSERT INTO city_translations (city_id, lang, name) VALUES (2747891, 'zh-CN', '鹿特丹');
INSERT INTO city_translations (city_id, lang, name) VALUES (2960316, 'es', 'Luxemburgo');
INSERT INTO city_translations (city_id, lang, name) VALUES (2960316, 'pt', 'Luxemburgo');
INSERT INTO city_translations (city_id, lang, name) VALUES (2960316, 'de', 'Luxemburg');
INSERT INTO city_translations (city_id, lang, name) VALUES (2960316, 'nl', 'Luxemburg');
INSERT INTO city_translations (city_id, lang, name) VALUES (2960316, 'zh-CN', '卢森堡');
INSERT INTO city_translations (city_id, lang, name) VALUES (2618425, 'es', 'Copenhague');
INSERT INTO city_translations (city_id, lang, name) VALUES (2618425, 'pt', 'Copenhague');
INSERT INTO city_translations (city_id, lang, name) VALUES (2618425, 'de', 'Kopenhagen');
INSERT INTO city_translations (city_id, lang, name) VALUES (2618425, 'nl', 'Kopenhagen');
INSERT INTO city_translations (city_id, lang, name) VALUES (2618425, 'zh-CN', '哥本哈根');
INSERT INTO city_translations (city_id, lang, name) VALUES (3143244, 'zh-CN', '奥斯陆');
INSERT INTO city_translations (city_id, lang, name) VALUES (2673730, 'es', 'Estocolmo');
INSERT INTO city_translations (city_id, lang, name) VALUES (2673730, 'pt', 'Estocolmo');
INSERT INTO city_translations (city_id, lang, name) VALUES (2673730, 'zh-CN', '斯德哥尔摩');
INSERT INTO city_translations (city_id, lang, name) VALUES (658225, 'zh-CN', '赫尔辛基');
INSERT INTO city_translations (city_id, lang, name) VALUES (3413829, 'es', 'Reikiavik');
INSERT INTO city_translations (city_id, lang, name) VALUES (3413829, 'pt', 'Reiquiavique');
INSERT INTO city_translations (city_id, lang, name) VALUES (3413829, 'de', 'Reykjavík');
INSERT INTO city_translations (city_id, lang, name) VALUES (3413829, 'zh-CN', '雷克雅未克');
INSERT INTO city_translations (city_id, lang, name) VALUES (756135, 'es', 'Varsovia');
INSERT INTO city_translations (city_id, lang, name) VALUES (756135, 'pt', 'Varsóvia');
INSERT INTO city_translations (city_id, lang, name) VALUES (756135, 'de', 'Warschau');
INSERT INTO city_translations (city_id, lang, name) VALUES (756135, 'nl', 'Warschau');
INSERT INTO city_translations (city_id, lang, name) VALUES (756135, 'zh-CN', '华沙');
INSERT INTO city_translations (city_id, lang, name) VALUES (3067696, 'es', 'Praga');
INSERT INTO city_translations (city_id, lang, name) VALUES (3067696, 'pt', 'Praga');
INSERT INTO city_translations (city_id, lang, name) VALUES (3067696, 'de', 'Prag');
INSERT INTO city_translations (city_id, lang, name) VALUES (3067696, 'nl', 'Praag');
INSERT INTO city_translations (city_id, lang, name) VALUES (3067696, 'zh-CN', '布拉格');
INSERT INTO city_translations (city_id, lang, name) VALUES (3060972, 'es', 'Bratislava');
INSERT INTO city_translations (city_id, lang, name) VALUES (3060972, 'de', 'Pressburg');
INSERT INTO city_translations (city_id, lang, name) VALUES (3060972, 'zh-CN', '布拉迪斯拉发');
INSERT INTO city_translations (city_id, lang, name) VALUES (3054643, 'zh-CN', '布达佩斯');
INSERT INTO city_translations (city_id, lang, name) VALUES (683506, 'es', 'Bucarest');
INSERT INTO city_translations (city_id, lang, name) VALUES (683506, 'pt', 'Bucareste');
INSERT INTO city_translations (city_id, lang, name) VALUES (683506, 'de', 'Bukarest');
INSERT INTO city_translations (city_id, lang, name) VALUES (683506, 'nl', 'Boekarest');
INSERT INTO city_translations (city_id, lang, name) VALUES (683506, 'zh-CN', '布加勒斯特');
INSERT INTO city_translations (city_id, lang, name) VALUES (727011, 'es', 'Sofía');
INSERT INTO city_translations (city_id, lang, name) VALUES (727011, 'pt', 'Sófia');
INSERT INTO city_translations (city_id, lang, name) VALUES (727011, 'zh-CN', '索非亚');
INSERT INTO city_translations (city_id, lang, name) VALUES (264371, 'es', 'Atenas');
INSERT INTO city_translations (city_id, lang, name) VALUES (264371, 'pt', 'Atenas');
INSERT INTO city_translations (city_id, lang, name) VALUES (264371, 'de', 'Athen');
INSERT INTO city_translations (city_id, lang, name) VALUES (264371, 'nl', 'Athene');
INSERT INTO city_translations (city_id, lang, name) VALUES (264371, 'zh-CN', '雅典');
INSERT INTO city_translations (city_id, lang, name) VALUES (792680, 'es', 'Belgrado');
INSERT INTO city_translations (city_id, lang, name) VALUES (792680, 'pt', 'Belgrado');
INSERT INTO city_translations (city_id, lang, name) VALUES (792680, 'de', 'Belgrad');
INSERT INTO city_translations (city_id, lang, name) VALUES (792680, 'zh-CN', '贝尔格莱德');
INSERT INTO city_translations (city_id, lang, name) VALUES (3186886, 'de', 'Agram');
INSERT INTO city_translations (city_id, lang, name) VALUES (3186886, 'zh-CN', '萨格勒布');
INSERT INTO city_translations (city_id, lang, name) VALUES (3196359, 'zh-CN', '卢布尔雅那');
INSERT INTO city_translations (city_id, lang, name) VALUES (3191281, 'es', 'Sarajevo');
INSERT INTO city_translations (city_id, lang, name) VALUES (3191281, 'zh-CN', '萨拉热窝');
INSERT INTO city_translations (city_id, lang, name) VALUES (785842, 'zh-CN', '斯科普里');
INSERT INTO city_translations (city_id, lang, name) VALUES (3183875, 'es', 'Tirana');
INSERT INTO city_translations (city_id, lang, name) VALUES (3183875, 'zh-CN', '地拉那');
INSERT INTO city_translations (city_id, lang, name) VALUES (588409, 'es', 'Tallin');
INSERT INTO city_translations (city_id, lang, name) VALUES (588409, 'pt', 'Talim');
INSERT INTO city_translations (city_id, lang, name) VALUES (588409, 'zh-CN', '塔林');
INSERT INTO city_translations (city_id, lang, name) VALUES (456172, 'zh-CN', '里加');
INSERT INTO city_translations (city_id, lang, name) VALUES (593116, 'es', 'Vilna');
INSERT INTO city_translations (city_id, lang, name) VALUES (593116, 'pt', 'Vilnius');
INSERT INTO city_translations (city_id, lang, name) VALUES (593116, 'de', 'Wilna');
INSERT INTO city_translations (city_id, lang, name) VALUES (593116, 'zh-CN', '维尔纽斯');
INSERT INTO city_translations (city_id, lang, name) VALUES (618426, 'zh-CN', '基希讷乌');
INSERT INTO city_translations (city_id, lang, name) VALUES (5128581, 'es', 'Nueva York');
INSERT INTO city_translations (city_id, lang, name) VALUES (5128581, 'pt', 'Nova Iorque');
INSERT INTO city_translations (city_id, lang, name) VALUES (5128581, 'zh-CN', '纽约');
INSERT INTO city_translations (city_id, lang, name) VALUES (5368361, 'es', 'Los Ángeles');
INSERT INTO city_translations (city_id, lang, name) VALUES (5368361, 'zh-CN', '洛杉矶');
INSERT INTO city_translations (city_id, lang, name) VALUES (4887398, 'zh-CN', '芝加哥');
INSERT INTO city_translations (city_id, lang, name) VALUES (4699066, 'zh-CN', '休斯顿');
INSERT INTO city_translations (city_id, lang, name) VALUES (5308655, 'zh-CN', '凤凰城');
INSERT INTO city_translations (city_id, lang, name) VALUES (4560349, 'es', 'Filadelfia');
INSERT INTO city_translations (city_id, lang, name) VALUES (4560349, 'pt', 'Filadélfia');
INSERT INTO city_translations (city_id, lang, name) VALUES (4560349, 'de', 'Philadelphia');
INSERT INTO city_translations (city_id, lang, name) VALUES (4560349, 'zh-CN', '费城');
INSERT INTO city_translations (city_id, lang, name) VALUES (4726206, 'es', 'San Antonio');
INSERT INTO city_translations (city_id, lang, name) VALUES (4726206, 'zh-CN', '圣安东尼奥');
INSERT INTO city_translations (city_id, lang, name) VALUES (5391811, 'zh-CN', '圣迭戈');
INSERT INTO city_translations (city_id, lang, name) VALUES (4684888, 'zh-CN', '达拉斯');
INSERT INTO city_translations (city_id, lang, name) VALUES (5392171, 'es', 'San José');
INSERT INTO city_translations (city_id, lang, name) VALUES (5392171, 'pt', 'San Jose');
INSERT INTO city_translations (city_id, lang, name) VALUES (5392171, 'zh-CN', '圣何塞');
INSERT INTO city_translations (city_id, lang, name) VALUES (4671654, 'zh-CN', '奥斯汀');
INSERT INTO city_translations (city_id, lang, name) VALUES (5391959, 'zh-CN', '旧金山');
INSERT INTO city_translations (city_id, lang, name) VALUES (5809844, 'zh-CN', '西雅图');
INSERT INTO city_translations (city_id, lang, name) VALUES (5419384, 'zh-CN', '丹佛');
INSERT INTO city_translations (city_id, lang, name) VALUES (4140963, 'es', 'Washington');
INSERT INTO city_translations (city_id, lang, name) VALUES (4140963, 'pt', 'Washington');
INSERT INTO city_translations (city_id, lang, name) VALUES (4140963, 'zh-CN', '华盛顿');
INSERT INTO city_translations (city_id, lang, name) VALUES (4930956, 'es', 'Boston');
INSERT INTO city_translations (city_id, lang, name) VALUES (4930956, 'zh-CN', '波士顿');
INSERT INTO city_translations (city_id, lang, name) VALUES (4180439, 'zh-CN', '亚特兰大');
INSERT INTO city_translations (city_id, lang, name) VALUES (4164138, 'zh-CN', '迈阿密');
INSERT INTO city_translations (city_id, lang, name) VALUES (4990729, 'zh-CN', '底特律');
INSERT INTO city_translations (city_id, lang, name) VALUES (5506956, 'zh-CN', '拉斯维加斯');
INSERT INTO city_translations (city_id, lang, name) VALUES (5037649, 'zh-CN', '明尼阿波利斯');
INSERT INTO city_translations (city_id, lang, name) VALUES (4335045, 'es', 'Nueva Orleans');
INSERT INTO city_translations (city_id, lang, name) VALUES (4335045, 'pt', 'Nova Orleães');
INSERT INTO city_translations (city_id, lang, name) VALUES (4335045, 'de', 'New Orleans');
INSERT INTO city_translations (city_id, lang, name) VALUES (4335045, 'zh-CN', '新奥尔良');
INSERT INTO city_translations (city_id, lang, name) VALUES (5856195, 'zh-CN', '檀香山');
INSERT INTO city_translations (city_id, lang, name) VALUES (5879400, 'zh-CN', '安克雷奇');
INSERT INTO city_translations (city_id, lang, name) VALUES (6167865, 'zh-CN', '多伦多');
INSERT INTO city_translations (city_id, lang, name) VALUES (6077243, 'zh-CN', '蒙特利尔');
INSERT INTO city_translations (city_id, lang, name) VALUES (6173331, 'zh-CN', '温哥华');
INSERT INTO city_translations (city_id, lang, name) VALUES (5913490, 'zh-CN', '卡尔加里');
INSERT INTO city_translations (city_id, lang, name) VALUES (6094817, 'es', 'Ottawa');
INSERT INTO city_translations (city_id, lang, name) VALUES (6094817, 'zh-CN', '渥太华');
INSERT INTO city_translations (city_id, lang, name) VALUES (3530597, 'es', 'Ciudad de México');
INSERT INTO city_translations (city_id, lang, name) VALUES (3530597, 'pt', 'Cidade do México');
INSERT INTO city_translations (city_id, lang, name) VALUES (3530597, 'de', 'Mexiko-Stadt');
INSERT INTO city_translations (city_id, lang, name) VALUES (3530597, 'nl', 'Mexico-Stad');
INSERT INTO city_translations (city_id, lang, name) VALUES (3530597, 'zh-CN', '墨西哥城');
INSERT INTO city_translations (city_id, lang, name) VALUES (4005539, 'zh-CN', '瓜达拉哈拉');
INSERT INTO city_translations (city_id, lang, name) VALUES (3995465, 'es', 'Monterrey');
INSERT INTO city_translations (city_id, lang, name) VALUES (3995465, 'zh-CN', '蒙特雷');
INSERT INTO city_translations (city_id, lang, name) VALUES (3553478, 'es', 'La Habana');
INSERT INTO city_translations (city_id, lang, name) VALUES (3553478, 'pt', 'Havana');
INSERT INTO city_translations (city_id, lang, name) VALUES (3553478, 'de', 'Havanna');
INSERT INTO city_translations (city_id, lang, name) VALUES (3553478, 'nl', 'Havana');
INSERT INTO city_translations (city_id, lang, name) VALUES (3553478, 'zh-CN', '哈瓦那');
INSERT INTO city_translations (city_id, lang, name) VALUES (3492908, 'zh-CN', '圣多明各');
INSERT INTO city_translations (city_id, lang, name) VALUES (4568127, 'zh-CN', '圣胡安');
INSERT INTO city_translations (city_id, lang, name) VALUES (3703443, 'es', 'Ciudad de Panamá');
INSERT INTO city_translations (city_id, lang, name) VALUES (3703443, 'pt', 'Cidade do Panamá');
INSERT INTO city_translations (city_id, lang, name) VALUES (3703443, 'de', 'Panama-Stadt');
INSERT INTO city_translations (city_id, lang, name) VALUES (3703443, 'zh-CN', '巴拿马城');
INSERT INTO city_translations (city_id, lang, name) VALUES (3621849, 'zh-CN', '圣何塞');
INSERT INTO city_translations (city_id, lang, name) VALUES (3435910, 'zh-CN', '布宜诺斯艾利斯');
INSERT INTO city_translations (city_id, lang, name) VALUES (3448439, 'es', 'São Paulo');
INSERT INTO city_translations (city_id, lang, name) VALUES (3448439, 'zh-CN', '圣保罗');
INSERT INTO city_translations (city_id, lang, name) VALUES (3451190, 'es', 'Río de Janeiro');
INSERT INTO city_translations (city_id, lang, name) VALUES (3451190, 'zh-CN', '里约热内卢');
INSERT INTO city_translations (city_id, lang, name) VALUES (3469058, 'zh-CN', '巴西利亚');
INSERT INTO city_translations (city_id, lang, name) VALUES (3470127, 'zh-CN', '贝洛奥里藏特');
INSERT INTO city_translations (city_id, lang, name) VALUES (3399415, 'zh-CN', '福塔莱萨');
INSERT INTO city_translations (city_id, lang, name) VALUES (3871336, 'es', 'Santiago de Chile');
INSERT INTO city_translations (city_id, lang, name) VALUES (3871336, 'zh-CN', '圣地亚哥');
INSERT INTO city_translations (city_id, lang, name) VALUES (3936456, 'zh-CN', '利马');
INSERT INTO city_translations (city_id, lang, name) VALUES (3688689, 'zh-CN', '波哥大');
INSERT INTO city_translations (city_id, lang, name) VALUES (3674962, 'zh-CN', '麦德林');
INSERT INTO city_translations (city_id, lang, name) VALUES (3646738, 'zh-CN', '加拉加斯');
INSERT INTO city_translations (city_id, lang, name) VALUES (3652462, 'zh-CN', '基多');
INSERT INTO city_translations (city_id, lang, name) VALUES (3657509, 'zh-CN', '瓜亚基尔');
INSERT INTO city_translations (city_id, lang, name) VALUES (3911925, 'zh-CN', '拉巴斯');
INSERT INTO city_translations (city_id, lang, name) VALUES (3439389, 'zh-CN', '亚松森');
INSERT INTO city_translations (city_id, lang, name) VALUES (3441575, 'zh-CN', '蒙得维的亚');
INSERT INTO city_translations (city_id, lang, name) VALUES (360630, 'es', 'El Cairo');
INSERT INTO city_translations (city_id, lang, name) VALUES (360630, 'zh-CN', '开罗');
INSERT INTO city_translations (city_id, lang, name) VALUES (2332459, 'zh-CN', '拉各斯');
INSERT INTO city_translations (city_id, lang, name) VALUES (2352778, 'zh-CN', '阿布贾');
INSERT INTO city_translations (city_id, lang, name) VALUES (2314302, 'zh-CN', '金沙萨');
INSERT INTO city_translations (city_id, lang, name) VALUES (2240449, 'es', 'Luanda');
INSERT INTO city_translations (city_id, lang, name) VALUES (2240449, 'zh-CN', '罗安达');
INSERT INTO city_translations (city_id, lang, name) VALUES (993800, 'es', 'Johannesburgo');
INSERT INTO city_translations (city_id, lang, name) VALUES (993800, 'pt', 'Joanesburgo');
INSERT INTO city_translations (city_id, lang, name) VALUES (993800, 'de', 'Johannesburg');
INSERT INTO city_translations (city_id, lang, name) VALUES (993800, 'zh-CN', '约翰内斯堡');
INSERT INTO city_translations (city_id, lang, name) VALUES (3369157, 'es', 'Ciudad del Cabo');
INSERT INTO city_translations (city_id, lang, name) VALUES (3369157, 'pt', 'Cidade do Cabo');
INSERT INTO city_translations (city_id, lang, name) VALUES (3369157, 'de', 'Kapstadt');
INSERT INTO city_translations (city_id, lang, name) VALUES (3369157, 'nl', 'Kaapstad');
INSERT INTO city_translations (city_id, lang, name) VALUES (3369157, 'zh-CN', '开普敦');
INSERT INTO city_translations (city_id, lang, name) VALUES (964137, 'zh-CN', '比勒陀利亚');
INSERT INTO city_translations (city_id, lang, name) VALUES (2553604, 'es', 'Casablanca');
INSERT INTO city_translations (city_id, lang, name) VALUES (2553604, 'zh-CN', '卡萨布兰卡');
INSERT INTO city_translations (city_id, lang, name) VALUES (2538475, 'zh-CN', '拉巴特');
INSERT INTO city_translations (city_id, lang, name) VALUES (2507480, 'es', 'Argel');
INSERT INTO city_translations (city_id, lang, name) VALUES (2507480, 'pt', 'Argel');
INSERT INTO city_translations (city_id, lang, name) VALUES (2507480, 'de', 'Algier');
INSERT INTO city_translations (city_id, lang, name) VALUES (2507480, 'zh-CN', '阿尔及尔');
INSERT INTO city_translations (city_id, lang, name) VALUES (2464470, 'es', 'Túnez');
INSERT INTO city_translations (city_id, lang, name) VALUES (2464470, 'pt', 'Túnis');
INSERT INTO city_translations (city_id, lang, name) VALUES (2464470, 'zh-CN', '突尼斯');
INSERT INTO city_translations (city_id, lang, name) VALUES (2210247, 'es', 'Trípoli');
INSERT INTO city_translations (city_id, lang, name) VALUES (2210247, 'pt', 'Trípoli');
INSERT INTO city_translations (city_id, lang, name) VALUES (2210247, 'de', 'Tripolis');
INSERT INTO city_translations (city_id, lang, name) VALUES (2210247, 'zh-CN', '的黎波里');
INSERT INTO city_translations (city_id, lang, name) VALUES (379252, 'es', 'Jartum');
INSERT INTO city_translations (city_id, lang, name) VALUES (379252, 'pt', 'Cartum');
INSERT INTO city_translations (city_id, lang, name) VALUES (379252, 'de', 'Khartum');
INSERT INTO city_translations (city_id, lang, name) VALUES (379252, 'zh-CN', '喀土穆');
INSERT INTO city_translations (city_id, lang, name) VALUES (344979, 'es', 'Adís Abeba');
INSERT INTO city_translations (city_id, lang, name) VALUES (344979, 'pt', 'Adis Abeba');
INSERT INTO city_translations (city_id, lang, name) VALUES (344979, 'de', 'Addis Abeba');
INSERT INTO city_translations (city_id, lang, name) VALUES (344979, 'zh-CN', '亚的斯亚贝巴');
INSERT INTO city_translations (city_id, lang, name) VALUES (184745, 'zh-CN', '内罗毕');
INSERT INTO city_translations (city_id, lang, name) VALUES (160263, 'zh-CN', '达累斯萨拉姆');
INSERT INTO city_translations (city_id, lang, name) VALUES (232422, 'zh-CN', '坎帕拉');
INSERT INTO city_translations (city_id, lang, name) VALUES (202061, 'zh-CN', '基加利');
INSERT INTO city_translations (city_id, lang, name) VALUES (2253354, 'es', 'Dakar');
INSERT INTO city_translations (city_id, lang, name) VALUES (2253354, 'zh-CN', '达喀尔');
INSERT INTO city_translations (city_id, lang, name) VALUES (2306104, 'zh-CN', '阿克拉');
INSERT INTO city_translations (city_id, lang, name) VALUES (909137, 'zh-CN', '卢萨卡');
INSERT INTO city_translations (city_id, lang, name) VALUES (890299, 'zh-CN', '哈拉雷');
INSERT INTO city_translations (city_id, lang, name) VALUES (1040652, 'zh-CN', '马普托');
INSERT INTO city_translations (city_id, lang, name) VALUES (1070940, 'zh-CN', '塔那那利佛');
INSERT INTO city_translations (city_id, lang, name) VALUES (2147714, 'zh-CN', '悉尼');
INSERT INTO city_translations (city_id, lang, name) VALUES (2158177, 'zh-CN', '墨尔本');
INSERT INTO city_translations (city_id, lang, name) VALUES (2174003, 'zh-CN', '布里斯班');
INSERT INTO city_translations (city_id, lang, name) VALUES (2063523, 'zh-CN', '珀斯');
INSERT INTO city_translations (city_id, lang, name) VALUES (2078025, 'zh-CN', '阿德莱德');
INSERT INTO city_translations (city_id, lang, name) VALUES (2172517, 'zh-CN', '堪培拉');
INSERT INTO city_translations (city_id, lang, name) VALUES (2193733, 'zh-CN', '奥克兰');
INSERT INTO city_translations (city_id, lang, name) VALUES (2179537, 'es', 'Wellington');
INSERT INTO city_translations (city_id, lang, name) VALUES (2179537, 'zh-CN', '惠灵顿');
INSERT INTO city_translations (city_id, lang, name) VALUES (2192362, 'zh-CN', '基督城');
INSERT INTO city_translations (city_id, lang, name) VALUES (2198148, 'zh-CN', '苏瓦');
INSERT INTO city_translations (city_id, lang, name) VALUES (2088122, 'es', 'Puerto Moresby');
INSERT INTO city_translations (city_id, lang, name) VALUES (2088122, 'pt', 'Porto Moresby');
INSERT INTO city_translations (city_id, lang, name) VALUES (2088122, 'zh-CN', '莫尔兹比港');

